"source_url","product_id"
"https://www.academy.com/c/backpack/school-backpacks","154419744"
"https://www.academy.com/c/backpack/school-backpacks","164200316"
"https://www.academy.com/c/backpack/school-backpacks","123034471"
"https://www.academy.com/c/backpack/school-backpacks","114841001"
"https://www.academy.com/c/backpack/school-backpacks","163561208"
"https://www.academy.com/c/backpack/school-backpacks","163561291"
"https://www.academy.com/c/backpack/school-backpacks","126451481"
"https://www.academy.com/c/backpack/school-backpacks","137494013"
"https://www.academy.com/c/backpack/school-backpacks","127295686P"
"https://www.academy.com/c/backpack/school-backpacks","154867731"
"https://www.academy.com/c/backpack/school-backpacks","127284901"
"https://www.academy.com/c/backpack/school-backpacks","152129751"
"https://www.academy.com/c/backpack/school-backpacks","157041601"
"https://www.academy.com/c/backpack/school-backpacks","164501637"
"https://www.academy.com/c/backpack/school-backpacks","142948286"
"https://www.academy.com/c/backpack/school-backpacks","163794351"
"https://www.academy.com/c/backpack/school-backpacks","157515723"
"https://www.academy.com/c/backpack/school-backpacks","163844953"
"https://www.academy.com/c/backpack/school-backpacks","150039912"
"https://www.academy.com/c/backpack/school-backpacks","132375023"
"https://www.academy.com/c/backpack/school-backpacks","154419841"
"https://www.academy.com/c/backpack/school-backpacks","159654137"
"https://www.academy.com/c/backpack/school-backpacks","163561179"
"https://www.academy.com/c/backpack/school-backpacks","119259407"
"https://www.academy.com/c/backpack/school-backpacks","163794247"
"https://www.academy.com/c/backpack/school-backpacks","166535566"
"https://www.academy.com/c/backpack/school-backpacks","123034665"
"https://www.academy.com/c/backpack/school-backpacks","150039875"
"https://www.academy.com/c/backpack/school-backpacks","154419891"
"https://www.academy.com/c/backpack/school-backpacks","108002446"
"https://www.academy.com/c/backpack/school-backpacks","115013282"
"https://www.academy.com/c/backpack/school-backpacks","123912966"
"https://www.academy.com/c/backpack/school-backpacks","166535638"
"https://www.academy.com/c/backpack/school-backpacks","163849623"
"https://www.academy.com/c/backpack/school-backpacks","127295459"
"https://www.academy.com/c/backpack/school-backpacks","105322348"
"https://www.academy.com/c/backpack/school-backpacks","154420201"
"https://www.academy.com/c/backpack/school-backpacks","200006302"
"https://www.academy.com/c/backpack/school-backpacks","166161875"
"https://www.academy.com/c/backpack/school-backpacks","154420260"
"https://www.academy.com/c/backpack/school-backpacks","156832946"
"https://www.academy.com/c/backpack/school-backpacks","154867803"
"https://www.academy.com/c/backpack/school-backpacks","123172304"
"https://www.academy.com/c/backpack/school-backpacks","165949425"
"https://www.academy.com/c/backpack/school-backpacks","156610702"
"https://www.academy.com/c/backpack/school-backpacks","163849332"
"https://www.academy.com/c/backpack/school-backpacks","144826012"
"https://www.academy.com/c/backpack/school-backpacks","154426661"
"https://www.academy.com/c/backpack/school-backpacks","163794378"
"https://www.academy.com/c/backpack/school-backpacks","157340919"
"https://www.academy.com/c/backpack/school-backpacks","115117348"
"https://www.academy.com/c/backpack/school-backpacks","165535652"
"https://www.academy.com/c/backpack/school-backpacks","131879140"
"https://www.academy.com/c/backpack/school-backpacks","164634261"
"https://www.academy.com/c/backpack/school-backpacks","123936600"
"https://www.academy.com/c/backpack/school-backpacks","137986552"
"https://www.academy.com/c/backpack/school-backpacks","147229002"
"https://www.academy.com/c/backpack/school-backpacks","165934291"
"https://www.academy.com/c/backpack/school-backpacks","157660630"
"https://www.academy.com/c/backpack/school-backpacks","142973810"
"https://www.academy.com/c/backpack/school-backpacks","165570301"
"https://www.academy.com/c/backpack/school-backpacks","142973756"
"https://www.academy.com/c/backpack/school-backpacks","156252837"
"https://www.academy.com/c/backpack/school-backpacks","154419816"
"https://www.academy.com/c/backpack/school-backpacks","160061646"
"https://www.academy.com/c/backpack/school-backpacks","156252984"
"https://www.academy.com/c/backpack/school-backpacks","159669671"
"https://www.academy.com/c/backpack/school-backpacks","156253012"
"https://www.academy.com/c/backpack/school-backpacks","156911054"
"https://www.academy.com/c/backpack/school-backpacks","164957562"
"https://www.academy.com/c/backpack/school-backpacks","150983495"
"https://www.academy.com/c/backpack/school-backpacks","165104369"
"https://www.academy.com/c/backpack/school-backpacks","157340935"
"https://www.academy.com/c/backpack/school-backpacks","165690775"
"https://www.academy.com/c/backpack/school-backpacks","151536890"
"https://www.academy.com/c/backpack/school-backpacks","162878676"
"https://www.academy.com/c/backpack/school-backpacks","156252520"
"https://www.academy.com/c/backpack/school-backpacks","163592581"
"https://www.academy.com/c/backpack/school-backpacks","166626505"
"https://www.academy.com/c/backpack/school-backpacks","163523674"
"https://www.academy.com/c/backpack/school-backpacks","156610833"
"https://www.academy.com/c/backpack/school-backpacks","154420163"
"https://www.academy.com/c/backpack/school-backpacks","163794731"
"https://www.academy.com/c/backpack/school-backpacks","156339511"
"https://www.academy.com/c/backpack/school-backpacks","136570184"
"https://www.academy.com/c/backpack/school-backpacks","156253080"
"https://www.academy.com/c/backpack/school-backpacks","164957511"
"https://www.academy.com/c/backpack/school-backpacks","165690855"
"https://www.academy.com/c/backpack/school-backpacks","166626476"
"https://www.academy.com/c/backpack/school-backpacks","131078297"
"https://www.academy.com/c/backpack/school-backpacks","156252917"
"https://www.academy.com/c/backpack/school-backpacks","154867766"
"https://www.academy.com/c/backpack/school-backpacks","144548665"
"https://www.academy.com/c/backpack/school-backpacks","154376633"
"https://www.academy.com/c/backpack/school-backpacks","163568311"
"https://www.academy.com/c/backpack/school-backpacks","166626361"
"https://www.academy.com/c/backpack/school-backpacks","166626302"
"https://www.academy.com/c/backpack/school-backpacks","164534341"
"https://www.academy.com/c/backpack/school-backpacks","164211541"
"https://www.academy.com/c/backpack/school-backpacks","163794191"
"https://www.academy.com/c/backpack/school-backpacks","124646807"
"https://www.academy.com/c/backpack/school-backpacks","137986536"
"https://www.academy.com/c/backpack/school-backpacks","140878860"
"https://www.academy.com/c/backpack/school-backpacks","143854951"
"https://www.academy.com/c/backpack/school-backpacks","133120997"
"https://www.academy.com/c/backpack/school-backpacks","163523383"
"https://www.academy.com/c/backpack/school-backpacks","165786099"
"https://www.academy.com/c/backpack/school-backpacks","166023982"
"https://www.academy.com/c/backpack/school-backpacks","158922700"
"https://www.academy.com/c/backpack/school-backpacks","164634245"
"https://www.academy.com/c/backpack/school-backpacks","156252896"
"https://www.academy.com/c/backpack/school-backpacks","142894337"
"https://www.academy.com/c/backpack/school-backpacks","161784361"
"https://www.academy.com/c/backpack/school-backpacks","164634122"
"https://www.academy.com/c/backpack/school-backpacks","164930714"
"https://www.academy.com/c/backpack/school-backpacks","165598186"
"https://www.academy.com/c/backpack/school-backpacks","162813397"
"https://www.academy.com/c/backpack/school-backpacks","162813557"
"https://www.academy.com/c/backpack/school-backpacks","164547707"
"https://www.academy.com/c/backpack/school-backpacks","166626425"
"https://www.academy.com/c/backpack/school-backpacks","166626249"
"https://www.academy.com/c/backpack/school-backpacks","164634106"
"https://www.academy.com/c/backpack/school-backpacks","164634229"
"https://www.academy.com/c/backpack/school-backpacks","156253127"
"https://www.academy.com/c/backpack/school-backpacks","157086105"
"https://www.academy.com/c/backpack/school-backpacks","163568354"
"https://www.academy.com/c/backpack/school-backpacks","130503511"
"https://www.academy.com/c/backpack/school-backpacks","160630845"
"https://www.academy.com/c/backpack/school-backpacks","130501807"
"https://www.academy.com/c/backpack/school-backpacks","123034526"
"https://www.academy.com/c/backpack/school-backpacks","127295811"
"https://www.academy.com/c/backpack/school-backpacks","127491724"
"https://www.academy.com/c/backpack/school-backpacks","123510967"
"https://www.academy.com/c/backpack/school-backpacks","149731021"
"https://www.academy.com/c/backpack/school-backpacks","152306113"
"https://www.academy.com/c/backpack/school-backpacks","165690425"
"https://www.academy.com/c/backpack/school-backpacks","165690476"
"https://www.academy.com/c/backpack/school-backpacks","163568400"
"https://www.academy.com/c/backpack/school-backpacks","156252503"
"https://www.academy.com/c/backpack/school-backpacks","165690521"
"https://www.academy.com/c/backpack/school-backpacks","162780564"
"https://www.academy.com/c/backpack/school-backpacks","131081656"
"https://www.academy.com/c/backpack/school-backpacks","152295418"
"https://www.academy.com/c/backpack/school-backpacks","163795274"
"https://www.academy.com/c/backpack/school-backpacks","157108423"
"https://www.academy.com/c/backpack/school-backpacks","165690919"
"https://www.academy.com/c/backpack/school-backpacks","141038694"
"https://www.academy.com/c/backpack/school-backpacks","165690812"
"https://www.academy.com/c/backpack/school-backpacks","165690556"
"https://www.academy.com/c/backpack/school-backpacks","154426709"
"https://www.academy.com/c/backpack/school-backpacks","154867715"
"https://www.academy.com/c/backpack/school-backpacks","154376713"
"https://www.academy.com/c/backpack/school-backpacks","147229037"
"https://www.academy.com/c/backpack/school-backpacks","130503714"
"https://www.academy.com/c/backpack/school-backpacks","139164798"
"https://www.academy.com/c/backpack/school-backpacks","139061692"
"https://www.academy.com/c/backpack/school-backpacks","168104727"
"https://www.academy.com/c/backpack/school-backpacks","132933460"
"https://www.academy.com/c/backpack/school-backpacks","167759473"
"https://www.academy.com/c/backpack/school-backpacks","167759211"
"https://www.academy.com/c/backpack/school-backpacks","160061785"
"https://www.academy.com/c/backpack/school-backpacks","167758913"
"https://www.academy.com/c/backpack/school-backpacks","165690898"
"https://www.academy.com/c/backpack/school-backpacks","165690353"
"https://www.academy.com/c/backpack/school-backpacks","165690329"
"https://www.academy.com/c/backpack/school-backpacks","165690281"
"https://www.academy.com/c/backpack/school-backpacks","130504194"
"https://www.academy.com/c/backpack/school-backpacks","160491099"
"https://www.academy.com/c/backpack/school-backpacks","141346814"
"https://www.academy.com/c/backpack/school-backpacks","141346777"
"https://www.academy.com/c/backpack/school-backpacks","139164940"
"https://www.academy.com/c/backpack/school-backpacks","136630415"
"https://www.academy.com/c/bags/lunch-boxes--bags","115013282"
"https://www.academy.com/c/bags/lunch-boxes--bags","165934291"
"https://www.academy.com/c/bags/lunch-boxes--bags","123912966"
"https://www.academy.com/c/bags/lunch-boxes--bags","115117348"
"https://www.academy.com/c/bags/lunch-boxes--bags","147229002"
"https://www.academy.com/c/bags/lunch-boxes--bags","157340919"
"https://www.academy.com/c/bags/lunch-boxes--bags","163849623"
"https://www.academy.com/c/bags/lunch-boxes--bags","164957562"
"https://www.academy.com/c/bags/lunch-boxes--bags","159654137"
"https://www.academy.com/c/bags/lunch-boxes--bags","163794378"
"https://www.academy.com/c/bags/lunch-boxes--bags","150039875"
"https://www.academy.com/c/bags/lunch-boxes--bags","151536890"
"https://www.academy.com/c/bags/lunch-boxes--bags","165104369"
"https://www.academy.com/c/bags/lunch-boxes--bags","163523674"
"https://www.academy.com/c/bags/lunch-boxes--bags","157340935"
"https://www.academy.com/c/bags/lunch-boxes--bags","165786099"
"https://www.academy.com/c/bags/lunch-boxes--bags","150983495"
"https://www.academy.com/c/bags/lunch-boxes--bags","166535638"
"https://www.academy.com/c/bags/lunch-boxes--bags","156610833"
"https://www.academy.com/c/bags/lunch-boxes--bags","166626505"
"https://www.academy.com/c/bags/lunch-boxes--bags","133120997"
"https://www.academy.com/c/bags/lunch-boxes--bags","164534341"
"https://www.academy.com/c/bags/lunch-boxes--bags","143854951"
"https://www.academy.com/c/bags/lunch-boxes--bags","165949425"
"https://www.academy.com/c/bags/lunch-boxes--bags","156610702"
"https://www.academy.com/c/bags/lunch-boxes--bags","162878676"
"https://www.academy.com/c/bags/lunch-boxes--bags","156253080"
"https://www.academy.com/c/bags/lunch-boxes--bags","165690855"
"https://www.academy.com/c/bags/lunch-boxes--bags","124646807"
"https://www.academy.com/c/bags/lunch-boxes--bags","166023982"
"https://www.academy.com/c/bags/lunch-boxes--bags","158922700"
"https://www.academy.com/c/bags/lunch-boxes--bags","164547707"
"https://www.academy.com/c/bags/lunch-boxes--bags","156253127"
"https://www.academy.com/c/bags/lunch-boxes--bags","127491724"
"https://www.academy.com/c/bags/lunch-boxes--bags","123510967"
"https://www.academy.com/c/bags/lunch-boxes--bags","147229037"
"https://www.academy.com/c/bags/lunch-boxes--bags","139061692"
"https://www.academy.com/c/bags/lunch-boxes--bags","160491099"
"https://www.academy.com/c/bags/lunch-boxes--bags","136630415"
"https://www.academy.com/c/shops/back-to-school","140620578"
"https://www.academy.com/c/shops/back-to-school","163571633"
"https://www.academy.com/c/shops/back-to-school","163561208"
"https://www.academy.com/c/shops/back-to-school","148661403"
"https://www.academy.com/c/shops/back-to-school","162381109"
"https://www.academy.com/c/shops/back-to-school","123034471"
"https://www.academy.com/c/shops/back-to-school","140596336"
"https://www.academy.com/c/shops/back-to-school","140699167"
"https://www.academy.com/c/shops/back-to-school","163300315"
"https://www.academy.com/c/shops/back-to-school","163523383"
"https://www.academy.com/c/shops/back-to-school","165672972"
"https://www.academy.com/c/shops/back-to-school","148903847"
"https://www.academy.com/c/shops/back-to-school","154419744"
"https://www.academy.com/c/shops/back-to-school","164118671"
"https://www.academy.com/c/shops/back-to-school","161854314"
"https://www.academy.com/c/shops/back-to-school","142470905"
"https://www.academy.com/c/shops/back-to-school","150039912"
"https://www.academy.com/c/shops/back-to-school","157655646"
"https://www.academy.com/c/shops/back-to-school","156338948"
"https://www.academy.com/c/shops/back-to-school","165992538"
"https://www.academy.com/c/shops/back-to-school","142024227"
"https://www.academy.com/c/shops/back-to-school","158333227"
"https://www.academy.com/c/shops/back-to-school","129381334"
"https://www.academy.com/c/shops/back-to-school","140901505"
"https://www.academy.com/c/shops/back-to-school","164200316"
"https://www.academy.com/c/shops/back-to-school","114841001"
"https://www.academy.com/c/shops/back-to-school","163561291"
"https://www.academy.com/c/shops/back-to-school","162610397"
"https://www.academy.com/c/shops/back-to-school","139767548"
"https://www.academy.com/c/shops/back-to-school","200023549"
"https://www.academy.com/c/shops/back-to-school","148876412"
"https://www.academy.com/c/shops/back-to-school","125814286"
"https://www.academy.com/c/shops/back-to-school","149605681"
"https://www.academy.com/c/shops/back-to-school","157329349"
"https://www.academy.com/c/shops/back-to-school","157329592"
"https://www.academy.com/c/shops/back-to-school","150621849"
"https://www.academy.com/c/shops/back-to-school","154352578"
"https://www.academy.com/c/shops/back-to-school","140082335"
"https://www.academy.com/c/shops/back-to-school","119259407"
"https://www.academy.com/c/shops/back-to-school","157330083"
"https://www.academy.com/c/shops/back-to-school","149627522"
"https://www.academy.com/c/shops/back-to-school","130467426"
"https://www.academy.com/c/shops/back-to-school","149612064"
"https://www.academy.com/c/shops/back-to-school","150465971"
"https://www.academy.com/c/shops/back-to-school","141776591"
"https://www.academy.com/c/shops/back-to-school","144582134"
"https://www.academy.com/c/shops/back-to-school","159799441"
"https://www.academy.com/c/shops/back-to-school","135602033"
"https://www.academy.com/c/shops/back-to-school","109260480"
"https://www.academy.com/c/shops/back-to-school","144397895"
"https://www.academy.com/c/shops/back-to-school","200041665"
"https://www.academy.com/c/shops/back-to-school","144135895"
"https://www.academy.com/c/shops/back-to-school","154034511"
"https://www.academy.com/c/shops/back-to-school","139767636"
"https://www.academy.com/c/shops/back-to-school","144134833"
"https://www.academy.com/c/shops/back-to-school","153243118"
"https://www.academy.com/c/shops/back-to-school","162584934"
"https://www.academy.com/c/shops/back-to-school","140602847"
"https://www.academy.com/c/shops/back-to-school","165741632"
"https://www.academy.com/c/shops/back-to-school","112925948"
"https://www.academy.com/c/shops/back-to-school","156984579"
"https://www.academy.com/c/shops/back-to-school","128846401"
"https://www.academy.com/c/shops/back-to-school","115559525"
"https://www.academy.com/c/shops/back-to-school","141776857"
"https://www.academy.com/c/shops/back-to-school","152760455"
"https://www.academy.com/c/shops/back-to-school","134992543"
"https://www.academy.com/c/shops/back-to-school","156339086"
"https://www.academy.com/c/shops/back-to-school","156338770"
"https://www.academy.com/c/shops/back-to-school","130984511"
"https://www.academy.com/c/shops/back-to-school","149623388"
"https://www.academy.com/c/shops/back-to-school","126670886"
"https://www.academy.com/c/shops/back-to-school","146450813"
"https://www.academy.com/c/shops/back-to-school","164305812"
"https://www.academy.com/c/shops/back-to-school","135622149"
"https://www.academy.com/c/shops/back-to-school","153320857"
"https://www.academy.com/c/shops/back-to-school","140521326"
"https://www.academy.com/c/shops/back-to-school","109678940"
"https://www.academy.com/c/shops/back-to-school","162158513"
"https://www.academy.com/c/shops/back-to-school","142842684"
"https://www.academy.com/c/shops/back-to-school","152393325"
"https://www.academy.com/c/shops/back-to-school","131880415"
"https://www.academy.com/c/shops/back-to-school","152286781"
"https://www.academy.com/c/shops/back-to-school","146505159"
"https://www.academy.com/c/shops/back-to-school","160528621"
"https://www.academy.com/c/shops/back-to-school","122711492"
"https://www.academy.com/c/shops/back-to-school","140358709"
"https://www.academy.com/c/shops/back-to-school","157515723"
"https://www.academy.com/c/shops/back-to-school","200097971"
"https://www.academy.com/c/shops/back-to-school","154867731"
"https://www.academy.com/c/shops/back-to-school","129362109"
"https://www.academy.com/c/shops/back-to-school","123034665"
"https://www.academy.com/c/shops/back-to-school","146487536"
"https://www.academy.com/c/shops/back-to-school","165932287"
"https://www.academy.com/c/shops/back-to-school","141084754"
"https://www.academy.com/c/shops/back-to-school","121379037"
"https://www.academy.com/c/shops/back-to-school","142580215"
"https://www.academy.com/c/shops/back-to-school","135044262"
"https://www.academy.com/c/shops/back-to-school","109384394"
"https://www.academy.com/c/shops/back-to-school","146540587"
"https://www.academy.com/c/shops/back-to-school","139416650"
"https://www.academy.com/c/shops/back-to-school","156943321"
"https://www.academy.com/c/shops/back-to-school","140643665"
"https://www.academy.com/c/shops/back-to-school","113350314"
"https://www.academy.com/c/shops/back-to-school","163599724"
"https://www.academy.com/c/shops/back-to-school","136375881"
"https://www.academy.com/c/shops/back-to-school","125439501"
"https://www.academy.com/c/shops/back-to-school","140832001"
"https://www.academy.com/c/shops/back-to-school","159811729"
"https://www.academy.com/c/shops/back-to-school","149623759"
"https://www.academy.com/c/shops/back-to-school","200012189"
"https://www.academy.com/c/shops/back-to-school","155408916"
"https://www.academy.com/c/shops/back-to-school","118092588"
"https://www.academy.com/c/shops/back-to-school","150039875"
"https://www.academy.com/c/shops/back-to-school","149618706"
"https://www.academy.com/c/shops/back-to-school","162587895"
"https://www.academy.com/c/shops/back-to-school","144583111"
"https://www.academy.com/c/shops/back-to-school","161826815"
"https://www.academy.com/c/shops/back-to-school","139417193"
"https://www.academy.com/c/shops/back-to-school","121828429"
"https://www.academy.com/c/shops/back-to-school","114141514"
"https://www.academy.com/c/shops/back-to-school","139123304"
"https://www.academy.com/c/shops/back-to-school","156842685"
"https://www.academy.com/c/shops/back-to-school","135675048"
"https://www.academy.com/c/shops/back-to-school","156845552"
"https://www.academy.com/c/shops/back-to-school","131872001"
"https://www.academy.com/c/shops/back-to-school","149627733"
"https://www.academy.com/c/shops/back-to-school","159586980"
"https://www.academy.com/c/shops/back-to-school","140352163"
"https://www.academy.com/c/shops/back-to-school","150060367"
"https://www.academy.com/c/shops/back-to-school","152393270"
"https://www.academy.com/c/shops/back-to-school","141777016"
"https://www.academy.com/c/shops/back-to-school","165932332"
"https://www.academy.com/c/shops/back-to-school","140614266"
"https://www.academy.com/c/shops/back-to-school","144180611"
"https://www.academy.com/c/shops/back-to-school","157656382"
"https://www.academy.com/c/shops/back-to-school","146476124"
"https://www.academy.com/c/shops/back-to-school","159798085"
"https://www.academy.com/c/shops/back-to-school","145728650"
"https://www.academy.com/c/shops/back-to-school","132068171"
"https://www.academy.com/c/shops/back-to-school","157499487"
"https://www.academy.com/c/shops/back-to-school","126424221"
"https://www.academy.com/c/shops/back-to-school","149610827"
"https://www.academy.com/c/shops/back-to-school","162585232"
"https://www.academy.com/c/shops/back-to-school","152642352"
"https://www.academy.com/c/shops/back-to-school","154419891"
"https://www.academy.com/c/shops/back-to-school","147767290"
"https://www.academy.com/c/shops/back-to-school","103379050"
"https://www.academy.com/c/shops/back-to-school","165198406"
"https://www.academy.com/c/shops/back-to-school","139076430"
"https://www.academy.com/c/shops/back-to-school","162169423"
"https://www.academy.com/c/shops/back-to-school","136103973"
"https://www.academy.com/c/shops/back-to-school","159810697"
"https://www.academy.com/c/shops/back-to-school","163844953"
"https://www.academy.com/c/shops/back-to-school","140629791"
"https://www.academy.com/c/shops/back-to-school","159838593"
"https://www.academy.com/c/shops/back-to-school","156978582"
"https://www.academy.com/c/shops/back-to-school","152078763"
"https://www.academy.com/c/shops/back-to-school","162584635"
"https://www.academy.com/c/shops/back-to-school","155409169"
"https://www.academy.com/c/shops/back-to-school","140700041"
"https://www.academy.com/c/shops/back-to-school","142579636"
"https://www.academy.com/c/shops/back-to-school","152305701"
"https://www.academy.com/c/shops/back-to-school","139410792"
"https://www.academy.com/c/shops/back-to-school","154419841"
"https://www.academy.com/c/shops/back-to-school","149620566"
"https://www.academy.com/c/shops/back-to-school","159838868"
"https://www.academy.com/c/shops/back-to-school","133325221"
"https://www.academy.com/c/shops/back-to-school","116363639"
"https://www.academy.com/c/shops/back-to-school","136505729"
"https://www.academy.com/c/shops/back-to-school","150276926"
"https://www.academy.com/c/shops/back-to-school","131871914"
"https://www.academy.com/c/shops/back-to-school","163495010"
"https://www.academy.com/c/shops/back-to-school","162584694"
"https://www.academy.com/c/shops/back-to-school","162891512"
"https://www.academy.com/c/shops/back-to-school","150672275"
"https://www.academy.com/c/shops/back-to-school","130984925"
"https://www.academy.com/c/shops/back-to-school","163260317"
"https://www.academy.com/c/shops/back-to-school","149621649"
"https://www.academy.com/c/shops/back-to-school","142638202"
"https://www.academy.com/c/shops/back-to-school","108002446"
"https://www.academy.com/c/shops/back-to-school","116157835"
"https://www.academy.com/c/shops/back-to-school","131880677"
"https://www.academy.com/c/shops/back-to-school","136833634"
"https://www.academy.com/c/shops/back-to-school","165932148"
"https://www.academy.com/c/shops/back-to-school","143588665"
"https://www.academy.com/c/shops/back-to-school","139323744"
"https://www.academy.com/c/shops/back-to-school","112882087"
"https://www.academy.com/c/shops/back-to-school","119412686"
"https://www.academy.com/c/shops/back-to-school","160932835"
"https://www.academy.com/c/shops/back-to-school","165992415"
"https://www.academy.com/c/shops/back-to-school","166046957"
"https://www.academy.com/c/shops/back-to-school","132262184"
"https://www.academy.com/c/shops/back-to-school","116158862"
"https://www.academy.com/c/shops/back-to-school","162137173"
"https://www.academy.com/c/shops/back-to-school","150418795"
"https://www.academy.com/c/shops/back-to-school","126180019"
"https://www.academy.com/c/shops/back-to-school","163858204"
"https://www.academy.com/c/shops/back-to-school","118095244"
"https://www.academy.com/c/shops/back-to-school","127295686P"
"https://www.academy.com/c/shops/back-to-school","200008309"
"https://www.academy.com/c/shops/back-to-school","165901763"
"https://www.academy.com/c/shops/back-to-school","115013282"
"https://www.academy.com/c/shops/back-to-school","157329832"
"https://www.academy.com/c/shops/back-to-school","162137430"
"https://www.academy.com/c/shops/back-to-school","157868051"
"https://www.academy.com/c/shops/back-to-school","123912966"
"https://www.academy.com/c/shops/back-to-school","141701821"
"https://www.academy.com/c/shops/back-to-school","117760599"
"https://www.academy.com/c/shops/back-to-school","146936573"
"https://www.academy.com/c/shops/back-to-school","165034727"
"https://www.academy.com/c/shops/back-to-school","152868271"
"https://www.academy.com/c/shops/back-to-school","150488013"
"https://www.academy.com/c/shops/back-to-school","166535566"
"https://www.academy.com/c/shops/back-to-school","141084332"
"https://www.academy.com/c/shops/back-to-school","161746727"
"https://www.academy.com/c/shops/back-to-school","157499760"
"https://www.academy.com/c/shops/back-to-school","162089335"
"https://www.academy.com/c/shops/back-to-school","153764095"
"https://www.academy.com/c/shops/back-to-school","161168672"
"https://www.academy.com/c/shops/back-to-school","152643849"
"https://www.academy.com/c/shops/back-to-school","166535638"
"https://www.academy.com/c/shops/back-to-school","163561179"
"https://www.academy.com/c/shops/back-to-school","151128335"
"https://www.academy.com/c/shops/back-to-school","156843303"
"https://www.academy.com/c/shops/back-to-school","138936514"
"https://www.academy.com/c/shops/back-to-school","156981132"
"https://www.academy.com/c/shops/back-to-school","163849623"
"https://www.academy.com/c/shops/back-to-school","158472112"
"https://www.academy.com/c/shops/back-to-school","163835555"
"https://www.academy.com/c/shops/back-to-school","162138205"
"https://www.academy.com/c/shops/back-to-school","152083159"
"https://www.academy.com/c/shops/back-to-school","165481375"
"https://www.academy.com/c/shops/back-to-school","161195179"
"https://www.academy.com/c/shops/back-to-school","139428853"
"https://www.academy.com/c/shops/back-to-school","139948648"
"https://www.academy.com/c/shops/back-to-school","139122897"
"https://www.academy.com/c/shops/back-to-school","127295459"
"https://www.academy.com/c/shops/back-to-school","163729621"
"https://www.academy.com/c/shops/back-to-school","123384809"
"https://www.academy.com/c/shops/back-to-school","163259674"
"https://www.academy.com/c/shops/back-to-school","135077654"
"https://www.academy.com/c/shops/back-to-school","149739284"
"https://www.academy.com/c/shops/back-to-school","121692648"
"https://www.academy.com/c/shops/back-to-school","158639331"
"https://www.academy.com/c/shops/back-to-school","104729525"
"https://www.academy.com/c/shops/back-to-school","140946324"
"https://www.academy.com/c/shops/back-to-school","162585419"
"https://www.academy.com/c/shops/back-to-school","144397810"
"https://www.academy.com/c/shops/back-to-school","139125473"
"https://www.academy.com/c/shops/back-to-school","153319266"
"https://www.academy.com/c/shops/back-to-school","144541367"
"https://www.academy.com/c/shops/back-to-school","163494771"
"https://www.academy.com/c/shops/back-to-school","138742496"
"https://www.academy.com/c/shops/back-to-school","162584811"
"https://www.academy.com/c/shops/back-to-school","163698802"
"https://www.academy.com/c/shops/back-to-school","150317222"
"https://www.academy.com/c/shops/back-to-school","201766816"
"https://www.academy.com/c/shops/back-to-school","139125369"
"https://www.academy.com/c/shops/back-to-school","163497672"
"https://www.academy.com/c/shops/back-to-school","132068381"
"https://www.academy.com/c/shops/back-to-school","125814593"
"https://www.academy.com/c/shops/back-to-school","156346121"
"https://www.academy.com/c/shops/back-to-school","150301343"
"https://www.academy.com/c/shops/back-to-school","125771407"
"https://www.academy.com/c/shops/back-to-school","153384674"
"https://www.academy.com/c/shops/back-to-school","158969516"
"https://www.academy.com/c/shops/back-to-school","148876826"
"https://www.academy.com/c/shops/back-to-school","105322348"
"https://www.academy.com/c/shops/back-to-school","159654137"
"https://www.academy.com/c/shops/back-to-school","140319953"
"https://www.academy.com/c/shops/back-to-school","149684800"
"https://www.academy.com/c/shops/back-to-school","163498085"
"https://www.academy.com/c/shops/back-to-school","140537387"
"https://www.academy.com/c/shops/back-to-school","155112808"
"https://www.academy.com/c/shops/back-to-school","163495618"
"https://www.academy.com/c/shops/back-to-school","132477062"
"https://www.academy.com/c/shops/back-to-school","163356757"
"https://www.academy.com/c/shops/back-to-school","144543910"
"https://www.academy.com/c/shops/back-to-school","162681208"
"https://www.academy.com/c/shops/back-to-school","163732193"
"https://www.academy.com/c/shops/back-to-school","137494013"
"https://www.academy.com/c/shops/back-to-school","154420201"
"https://www.academy.com/c/shops/back-to-school","159830532"
"https://www.academy.com/c/shops/back-to-school","119262930"
"https://www.academy.com/c/shops/back-to-school","139381080"
"https://www.academy.com/c/shops/back-to-school","159820967"
"https://www.academy.com/c/shops/back-to-school","142470489"
"https://www.academy.com/c/shops/back-to-school","138499211"
"https://www.academy.com/c/shops/back-to-school","164295829"
"https://www.academy.com/c/shops/back-to-school","159847861"
"https://www.academy.com/c/shops/back-to-school","161853485"
"https://www.academy.com/c/shops/back-to-school","112689130"
"https://www.academy.com/c/shops/back-to-school","153375321"
"https://www.academy.com/c/shops/back-to-school","149629958"
"https://www.academy.com/c/shops/back-to-school","159826023"
"https://www.academy.com/c/shops/back-to-school","165992651"
"https://www.academy.com/c/shops/back-to-school","200006302"
"https://www.academy.com/c/shops/back-to-school","152677993"
"https://www.academy.com/c/shops/back-to-school","116639527"
"https://www.academy.com/c/shops/back-to-school","161200556"
"https://www.academy.com/c/shops/back-to-school","116600737"
"https://www.academy.com/c/shops/back-to-school","128524225"
"https://www.academy.com/c/shops/back-to-school","159848100"
"https://www.academy.com/c/shops/back-to-school","132277212"
"https://www.academy.com/c/shops/back-to-school","145728828"
"https://www.academy.com/c/shops/back-to-school","159816212"
"https://www.academy.com/c/shops/back-to-school","147767468"
"https://www.academy.com/c/shops/back-to-school","153815788"
"https://www.academy.com/c/shops/back-to-school","143829756"
"https://www.academy.com/c/shops/back-to-school","132877031"
"https://www.academy.com/c/shops/back-to-school","166161875"
"https://www.academy.com/c/shops/back-to-school","154420260"
"https://www.academy.com/c/shops/back-to-school","162582496"
"https://www.academy.com/c/shops/back-to-school","161142915"
"https://www.academy.com/c/shops/back-to-school","161135061"
"https://www.academy.com/c/shops/back-to-school","147163681"
"https://www.academy.com/c/shops/back-to-school","163498659"
"https://www.academy.com/c/shops/back-to-school","162690411"
"https://www.academy.com/c/shops/back-to-school","163500448"
"https://www.academy.com/c/shops/back-to-school","155413088"
"https://www.academy.com/c/shops/back-to-school","154927407"
"https://www.academy.com/c/shops/back-to-school","164306250"
"https://www.academy.com/c/shops/back-to-school","130505031"
"https://www.academy.com/c/shops/back-to-school","165108976"
"https://www.academy.com/c/shops/back-to-school","156832946"
"https://www.academy.com/c/shops/back-to-school","163500237"
"https://www.academy.com/c/shops/back-to-school","161745011"
"https://www.academy.com/c/shops/back-to-school","140303951"
"https://www.academy.com/c/shops/back-to-school","157500556"
"https://www.academy.com/c/shops/back-to-school","153815825"
"https://www.academy.com/c/shops/back-to-school","165203877"
"https://www.academy.com/c/shops/back-to-school","163500940"
"https://www.academy.com/c/shops/back-to-school","136209057"
"https://www.academy.com/c/shops/back-to-school","162881728"
"https://www.academy.com/c/shops/back-to-school","153318888"
"https://www.academy.com/c/shops/back-to-school","159844740"
"https://www.academy.com/c/shops/back-to-school","116158221"
"https://www.academy.com/c/shops/back-to-school","165200271"
"https://www.academy.com/c/shops/back-to-school","158929400"
"https://www.academy.com/c/shops/back-to-school","156945705"
"https://www.academy.com/c/shops/back-to-school","139416730"
"https://www.academy.com/c/shops/back-to-school","163296272"
"https://www.academy.com/c/shops/back-to-school","118093302"
"https://www.academy.com/c/shops/back-to-school","156377904"
"https://www.academy.com/c/shops/back-to-school","161130834"
"https://www.academy.com/c/shops/back-to-school","163497461"
"https://www.academy.com/c/shops/back-to-school","159822006"
"https://www.academy.com/c/shops/back-to-school","156338606"
"https://www.academy.com/c/shops/back-to-school","148663265"
"https://www.academy.com/c/shops/back-to-school","159178821"
"https://www.academy.com/c/shops/back-to-school","162690497"
"https://www.academy.com/c/shops/back-to-school","165987691"
"https://www.academy.com/c/shops/back-to-school","156842837"
"https://www.academy.com/c/shops/back-to-school","118091606"
"https://www.academy.com/c/shops/back-to-school","165932236"
"https://www.academy.com/c/shops/back-to-school","150462681"
"https://www.academy.com/c/shops/back-to-school","153319012"
"https://www.academy.com/c/shops/back-to-school","154867803"
"https://www.academy.com/c/shops/back-to-school","149578767"
"https://www.academy.com/c/shops/back-to-school","148904022"
"https://www.academy.com/c/shops/back-to-school","163259105"
"https://www.academy.com/c/shops/back-to-school","140596731"
"https://www.academy.com/c/shops/back-to-school","164293006"
"https://www.academy.com/c/shops/back-to-school","165206841"
"https://www.academy.com/c/shops/back-to-school","162132647"
"https://www.academy.com/c/shops/back-to-school","154521546"
"https://www.academy.com/c/shops/back-to-school","200008314"
"https://www.academy.com/c/shops/back-to-school","154774228"
"https://www.academy.com/c/shops/back-to-school","162393978"
"https://www.academy.com/c/shops/back-to-school","147265177"
"https://www.academy.com/c/shops/back-to-school","122105943"
"https://www.academy.com/c/shops/back-to-school","157041601"
"https://www.academy.com/c/shops/back-to-school","163572071"
"https://www.academy.com/c/shops/back-to-school","140015909"
"https://www.academy.com/c/shops/back-to-school","122633033"
"https://www.academy.com/c/shops/back-to-school","136379558"
"https://www.academy.com/c/shops/back-to-school","125818720"
"https://www.academy.com/c/shops/back-to-school","149770100"
"https://www.academy.com/c/shops/back-to-school","146414652"
"https://www.academy.com/c/shops/back-to-school","154935520"
"https://www.academy.com/c/shops/back-to-school","159820289"
"https://www.academy.com/c/shops/back-to-school","158332275"
"https://www.academy.com/c/shops/back-to-school","153715761"
"https://www.academy.com/c/shops/back-to-school","153433915"
"https://www.academy.com/c/shops/back-to-school","123384278"
"https://www.academy.com/c/shops/back-to-school","161825581"
"https://www.academy.com/c/shops/back-to-school","161162449"
"https://www.academy.com/c/shops/back-to-school","159815025"
"https://www.academy.com/c/shops/back-to-school","150277478"
"https://www.academy.com/c/shops/back-to-school","164296469"
"https://www.academy.com/c/shops/back-to-school","159976494"
"https://www.academy.com/c/shops/back-to-school","165203025"
"https://www.academy.com/c/shops/back-to-school","123172304"
"https://www.academy.com/c/shops/back-to-school","112679185"
"https://www.academy.com/c/shops/back-to-school","141070871"
"https://www.academy.com/c/shops/back-to-school","160760076"
"https://www.academy.com/c/shops/back-to-school","153719737"
"https://www.academy.com/c/shops/back-to-school","135078024"
"https://www.academy.com/c/shops/back-to-school","159825098"
"https://www.academy.com/c/shops/back-to-school","160403722"
"https://www.academy.com/c/shops/back-to-school","165992474"
"https://www.academy.com/c/shops/back-to-school","162815317"
"https://www.academy.com/c/shops/back-to-school","159846227"
"https://www.academy.com/c/shops/back-to-school","165949425"
"https://www.academy.com/c/shops/back-to-school","154800801"
"https://www.academy.com/c/shops/back-to-school","156610702"
"https://www.academy.com/c/shops/back-to-school","162606363"
"https://www.academy.com/c/shops/back-to-school","156841501"
"https://www.academy.com/c/shops/back-to-school","157016991"
"https://www.academy.com/c/shops/back-to-school","141090484"
"https://www.academy.com/c/shops/back-to-school","138741979"
"https://www.academy.com/c/shops/back-to-school","162516878"
"https://www.academy.com/c/shops/back-to-school","161745661"
"https://www.academy.com/c/shops/back-to-school","149620822"
"https://www.academy.com/c/shops/back-to-school","155113190"
"https://www.academy.com/c/shops/back-to-school","163849332"
"https://www.academy.com/c/shops/back-to-school","162360931"
"https://www.academy.com/c/shops/back-to-school","144107341"
"https://www.academy.com/c/shops/back-to-school","166046818"
"https://www.academy.com/c/shops/back-to-school","139416967"
"https://www.academy.com/c/shops/back-to-school","118096204"
"https://www.academy.com/c/shops/back-to-school","141066290"
"https://www.academy.com/c/shops/back-to-school","160953935"
"https://www.academy.com/c/shops/back-to-school","152292348"
"https://www.academy.com/c/shops/back-to-school","153278062"
"https://www.academy.com/c/shops/back-to-school","159283891"
"https://www.academy.com/c/shops/back-to-school","153268121"
"https://www.academy.com/c/shops/back-to-school","162342370"
"https://www.academy.com/c/shops/back-to-school","132375023"
"https://www.academy.com/c/shops/back-to-school","144826012"
"https://www.academy.com/c/shops/back-to-school","162366806"
"https://www.academy.com/c/shops/back-to-school","152793302"
"https://www.academy.com/c/shops/back-to-school","154426661"
"https://www.academy.com/c/shops/back-to-school","163794378"
"https://www.academy.com/c/shops/back-to-school","162689971"
"https://www.academy.com/c/shops/back-to-school","159813046"
"https://www.academy.com/c/shops/back-to-school","159862761"
"https://www.academy.com/c/shops/back-to-school","162588505"
"https://www.academy.com/c/shops/back-to-school","162584758"
"https://www.academy.com/c/shops/back-to-school","162357061"
"https://www.academy.com/c/shops/back-to-school","161177288"
"https://www.academy.com/c/shops/back-to-school","135698346"
"https://www.academy.com/c/shops/back-to-school","161064283"
"https://www.academy.com/c/shops/back-to-school","157340919"
"https://www.academy.com/c/shops/back-to-school","153421674"
"https://www.academy.com/c/shops/back-to-school","115117348"
"https://www.academy.com/c/shops/back-to-school","150464468"
"https://www.academy.com/c/shops/back-to-school","162068121"
"https://www.academy.com/c/shops/back-to-school","158639162"
"https://www.academy.com/c/shops/back-to-school","114947711"
"https://www.academy.com/c/shops/back-to-school","113455407"
"https://www.academy.com/c/shops/back-to-school","154935773"
"https://www.academy.com/c/shops/back-to-school","124139151"
"https://www.academy.com/c/shops/back-to-school","147839468"
"https://www.academy.com/c/shops/back-to-school","154933559"
"https://www.academy.com/c/shops/back-to-school","147503147"
"https://www.academy.com/c/shops/back-to-school","142948286"
"https://www.academy.com/c/shops/back-to-school","160528365"
"https://www.academy.com/c/shops/back-to-school","160404696"
"https://www.academy.com/c/shops/back-to-school","157022734"
"https://www.academy.com/c/shops/back-to-school","163360123"
"https://www.academy.com/c/shops/back-to-school","162814453"
"https://www.academy.com/c/shops/back-to-school","157656059"
"https://www.academy.com/c/shops/back-to-school","124139354"
"https://www.academy.com/c/shops/back-to-school","106701518"
"https://www.academy.com/c/shops/back-to-school","165535652"
"https://www.academy.com/c/shops/back-to-school","154345141"
"https://www.academy.com/c/shops/back-to-school","163863361"
"https://www.academy.com/c/shops/back-to-school","163572610"
"https://www.academy.com/c/shops/back-to-school","153318773"
"https://www.academy.com/c/shops/back-to-school","138498366"
"https://www.academy.com/c/shops/back-to-school","159847385"
"https://www.academy.com/c/shops/back-to-school","159850285"
"https://www.academy.com/c/shops/back-to-school","161745396"
"https://www.academy.com/c/shops/back-to-school","149183634"
"https://www.academy.com/c/shops/back-to-school","155913980"
"https://www.academy.com/c/shops/back-to-school","141703261"
"https://www.academy.com/c/shops/back-to-school","150199625"
"https://www.academy.com/c/shops/back-to-school","154780572"
"https://www.academy.com/c/shops/back-to-school","156081978"
"https://www.academy.com/c/shops/back-to-school","159135855"
"https://www.academy.com/c/shops/back-to-school","149610317"
"https://www.academy.com/c/shops/back-to-school","127284901"
"https://www.academy.com/c/shops/back-to-school","163021981"
"https://www.academy.com/c/shops/back-to-school","152107721"
"https://www.academy.com/c/shops/back-to-school","136084320"
"https://www.academy.com/c/shops/back-to-school","162361301"
"https://www.academy.com/c/shops/back-to-school","148979016"
"https://www.academy.com/c/shops/back-to-school","140727631"
"https://www.academy.com/c/shops/back-to-school","158336428"
"https://www.academy.com/c/shops/back-to-school","152688641"
"https://www.academy.com/c/shops/back-to-school","131879140"
"https://www.academy.com/c/shops/back-to-school","162837487"
"https://www.academy.com/c/shops/back-to-school","123511089"
"https://www.academy.com/c/shops/back-to-school","162346127"
"https://www.academy.com/c/shops/back-to-school","162255866"
"https://www.academy.com/c/shops/back-to-school","163794247"
"https://www.academy.com/c/shops/back-to-school","160768001"
"https://www.academy.com/c/shops/back-to-school","118781261"
"https://www.academy.com/c/shops/back-to-school","159848396"
"https://www.academy.com/c/shops/back-to-school","135514578"
"https://www.academy.com/c/shops/back-to-school","124138950"
"https://www.academy.com/c/shops/back-to-school","163958598"
"https://www.academy.com/c/shops/back-to-school","125772039"
"https://www.academy.com/c/shops/back-to-school","132874560"
"https://www.academy.com/c/shops/back-to-school","144484091"
"https://www.academy.com/c/shops/back-to-school","150291472"
"https://www.academy.com/c/shops/back-to-school","145613991"
"https://www.academy.com/c/shops/back-to-school","157656999"
"https://www.academy.com/c/shops/back-to-school","164634261"
"https://www.academy.com/c/shops/back-to-school","104726236"
"https://www.academy.com/c/shops/back-to-school","164603490"
"https://www.academy.com/c/shops/back-to-school","123936600"
"https://www.academy.com/c/shops/back-to-school","150118856"
"https://www.academy.com/c/shops/back-to-school","150278163"
"https://www.academy.com/c/shops/back-to-school","142471326"
"https://www.academy.com/c/shops/back-to-school","158640251"
"https://www.academy.com/c/shops/back-to-school","159848724"
"https://www.academy.com/c/shops/back-to-school","154521298"
"https://www.academy.com/c/shops/back-to-school","142806747"
"https://www.academy.com/c/shops/back-to-school","153421164"
"https://www.academy.com/c/shops/back-to-school","162584272"
"https://www.academy.com/c/shops/back-to-school","134892059"
"https://www.academy.com/c/shops/back-to-school","162138563"
"https://www.academy.com/c/shops/back-to-school","140603153"
"https://www.academy.com/c/shops/back-to-school","162570591"
"https://www.academy.com/c/shops/back-to-school","141075751"
"https://www.academy.com/c/shops/back-to-school","141093044"
"https://www.academy.com/c/shops/back-to-school","163273556"
"https://www.academy.com/c/shops/back-to-school","148661340"
"https://www.academy.com/c/shops/back-to-school","163358621"
"https://www.academy.com/c/shops/back-to-school","162814795"
"https://www.academy.com/c/shops/back-to-school","132999477"
"https://www.academy.com/c/shops/back-to-school","159821628"
"https://www.academy.com/c/shops/back-to-school","159975811"
"https://www.academy.com/c/shops/back-to-school","159849129"
"https://www.academy.com/c/shops/back-to-school","154113631"
"https://www.academy.com/c/shops/back-to-school","161883932"
"https://www.academy.com/c/shops/back-to-school","140727308"
"https://www.academy.com/c/shops/back-to-school","159804861"
"https://www.academy.com/c/shops/back-to-school","137986552"
"https://www.academy.com/c/shops/back-to-school","165902088"
"https://www.academy.com/c/shops/back-to-school","162586497"
"https://www.academy.com/c/shops/back-to-school","152677820"
"https://www.academy.com/c/shops/back-to-school","164039622"
"https://www.academy.com/c/shops/back-to-school","118091278"
"https://www.academy.com/c/shops/back-to-school","160955199"
"https://www.academy.com/c/shops/back-to-school","163358429"
"https://www.academy.com/c/shops/back-to-school","159848610"
"https://www.academy.com/c/shops/back-to-school","159825223"
"https://www.academy.com/c/shops/back-to-school","159824811"
"https://www.academy.com/c/shops/back-to-school","153817151"
"https://www.academy.com/c/shops/back-to-school","161820202"
"https://www.academy.com/c/shops/back-to-school","125771909"
"https://www.academy.com/c/shops/back-to-school","144136687"
"https://www.academy.com/c/shops/back-to-school","162356894"
"https://www.academy.com/c/shops/back-to-school","162584871"
"https://www.academy.com/c/shops/back-to-school","142063867"
"https://www.academy.com/c/shops/back-to-school","162218230"
"https://www.academy.com/c/shops/back-to-school","156245320"
"https://www.academy.com/c/shops/back-to-school","147229002"
"https://www.academy.com/c/shops/back-to-school","149599728"
"https://www.academy.com/c/shops/back-to-school","165934291"
"https://www.academy.com/c/shops/back-to-school","158934452"
"https://www.academy.com/c/shops/back-to-school","157660630"
"https://www.academy.com/c/shops/back-to-school","165920104"
"https://www.academy.com/c/shops/back-to-school","141066855"
"https://www.academy.com/c/shops/back-to-school","141069474"
"https://www.academy.com/c/shops/back-to-school","160632699"
"https://www.academy.com/c/shops/back-to-school","133311291"
"https://www.academy.com/c/shops/back-to-school","160527469"
"https://www.academy.com/c/shops/back-to-school","161033364"
"https://www.academy.com/c/shops/back-to-school","158639541"
"https://www.academy.com/c/shops/back-to-school","102539955"
"https://www.academy.com/c/shops/back-to-school","159849364"
"https://www.academy.com/c/shops/back-to-school","152221937"
"https://www.academy.com/c/shops/back-to-school","162814891"
"https://www.academy.com/c/shops/back-to-school","140563024"
"https://www.academy.com/c/shops/back-to-school","142973810"
"https://www.academy.com/c/shops/back-to-school","165061565"
"https://www.academy.com/c/shops/back-to-school","165570301"
"https://www.academy.com/c/shops/back-to-school","142973756"
"https://www.academy.com/c/shops/back-to-school","163301924"
"https://www.academy.com/c/shops/back-to-school","162366574"
"https://www.academy.com/c/shops/back-to-school","112701514"
"https://www.academy.com/c/shops/back-to-school","134054389"
"https://www.academy.com/c/shops/back-to-school","156252837"
"https://www.academy.com/c/shops/back-to-school","163499651"
"https://www.academy.com/c/shops/back-to-school","163499491"
"https://www.academy.com/c/shops/back-to-school","146378090"
"https://www.academy.com/c/shops/back-to-school","140550303"
"https://www.academy.com/c/shops/back-to-school","160404266"
"https://www.academy.com/c/shops/back-to-school","149646627"
"https://www.academy.com/c/shops/back-to-school","146939109"
"https://www.academy.com/c/shops/back-to-school","162570778"
"https://www.academy.com/c/shops/back-to-school","159813812"
"https://www.academy.com/c/shops/back-to-school","159794981"
"https://www.academy.com/c/shops/back-to-school","156997898"
"https://www.academy.com/c/shops/back-to-school","159850226"
"https://www.academy.com/c/shops/back-to-school","158533931"
"https://www.academy.com/c/shops/back-to-school","116597777"
"https://www.academy.com/c/shops/back-to-school","130389173"
"https://www.academy.com/c/shops/back-to-school","160641894"
"https://www.academy.com/c/shops/back-to-school","162584512"
"https://www.academy.com/c/shops/back-to-school","140648431"
"https://www.academy.com/c/shops/back-to-school","160768203"
"https://www.academy.com/c/shops/back-to-school","165109485"
"https://www.academy.com/c/shops/back-to-school","112696348"
"https://www.academy.com/c/shops/back-to-school","126451481"
"https://www.academy.com/c/shops/back-to-school","161853910"
"https://www.academy.com/c/shops/back-to-school","163558981"
"https://www.academy.com/c/shops/back-to-school","163500077"
"https://www.academy.com/c/shops/back-to-school","159844467"
"https://www.academy.com/c/shops/back-to-school","159830284"
"https://www.academy.com/c/shops/back-to-school","150051962"
"https://www.academy.com/c/shops/back-to-school","165992351"
"https://www.academy.com/c/shops/back-to-school","159802849"
"https://www.academy.com/c/shops/back-to-school","145254458"
"https://www.academy.com/c/shops/back-to-school","140543541"
"https://www.academy.com/c/shops/back-to-school","160816527"
"https://www.academy.com/c/shops/back-to-school","132005575"
"https://www.academy.com/c/shops/back-to-school","166047095"
"https://www.academy.com/c/shops/back-to-school","140009015"
"https://www.academy.com/c/shops/back-to-school","165206402"
"https://www.academy.com/c/shops/back-to-school","147503041"
"https://www.academy.com/c/shops/back-to-school","165200764"
"https://www.academy.com/c/shops/back-to-school","116688118"
"https://www.academy.com/c/shops/back-to-school","153817118"
"https://www.academy.com/c/shops/back-to-school","161139142"
"https://www.academy.com/c/shops/back-to-school","162814752"
"https://www.academy.com/c/shops/back-to-school","160536349"
"https://www.academy.com/c/shops/back-to-school","200054239"
"https://www.academy.com/c/shops/back-to-school","164633592"
"https://www.academy.com/c/shops/back-to-school","163495677"
"https://www.academy.com/c/shops/back-to-school","162869761"
"https://www.academy.com/c/shops/back-to-school","162895855"
"https://www.academy.com/c/shops/back-to-school","154419816"
"https://www.academy.com/c/shops/back-to-school","163864153"
"https://www.academy.com/c/shops/back-to-school","148863566"
"https://www.academy.com/c/shops/back-to-school","125405319"
"https://www.academy.com/c/shops/back-to-school","162588994"
"https://www.academy.com/c/shops/back-to-school","162366697"
"https://www.academy.com/c/shops/back-to-school","163214071"
"https://www.academy.com/c/shops/back-to-school","163205385"
"https://www.academy.com/c/shops/back-to-school","162346258"
"https://www.academy.com/c/shops/back-to-school","160061646"
"https://www.academy.com/c/shops/back-to-school","141074290"
"https://www.academy.com/c/shops/back-to-school","161029648"
"https://www.academy.com/c/shops/back-to-school","164530201"
"https://www.academy.com/c/shops/back-to-school","152129751"
"https://www.academy.com/c/shops/back-to-school","144669395"
"https://www.academy.com/c/shops/back-to-school","156252984"
"https://www.academy.com/c/shops/back-to-school","150433389"
"https://www.academy.com/c/shops/back-to-school","150317839"
"https://www.academy.com/c/shops/back-to-school","165992597"
"https://www.academy.com/c/shops/back-to-school","159794463"
"https://www.academy.com/c/shops/back-to-school","162814496"
"https://www.academy.com/c/shops/back-to-school","161198329"
"https://www.academy.com/c/shops/back-to-school","160760981"
"https://www.academy.com/c/shops/back-to-school","163485786"
"https://www.academy.com/c/shops/back-to-school","131171539"
"https://www.academy.com/c/shops/back-to-school","159669671"
"https://www.academy.com/c/shops/back-to-school","162095495"
"https://www.academy.com/c/shops/back-to-school","133500594"
"https://www.academy.com/c/shops/back-to-school","162084876"
"https://www.academy.com/c/shops/back-to-school","163513185"
"https://www.academy.com/c/shops/back-to-school","141069087"
"https://www.academy.com/c/shops/back-to-school","123384260"
"https://www.academy.com/c/shops/back-to-school","141080761"
"https://www.academy.com/c/shops/back-to-school","112757577"
"https://www.academy.com/c/shops/back-to-school","112768284"
"https://www.academy.com/c/shops/back-to-school","130519759"
"https://www.academy.com/c/shops/back-to-school","162584053"
"https://www.academy.com/c/shops/back-to-school","138528810"
"https://www.academy.com/c/shops/back-to-school","154935319"
"https://www.academy.com/c/shops/back-to-school","140083872"
"https://www.academy.com/c/shops/back-to-school","137223379"
"https://www.academy.com/c/shops/back-to-school","162357491"
"https://www.academy.com/c/shops/back-to-school","154781250"
"https://www.academy.com/c/shops/back-to-school","160403589"
"https://www.academy.com/c/shops/back-to-school","162896655"
"https://www.academy.com/c/shops/back-to-school","148440491"
"https://www.academy.com/c/shops/back-to-school","156253012"
"https://www.academy.com/c/shops/back-to-school","163295448"
"https://www.academy.com/c/shops/back-to-school","161163661"
"https://www.academy.com/c/shops/back-to-school","156911054"
"https://www.academy.com/c/shops/back-to-school","163356546"
"https://www.academy.com/c/shops/back-to-school","164957562"
"https://www.academy.com/c/shops/back-to-school","161182221"
"https://www.academy.com/c/shops/back-to-school","159861814"
"https://www.academy.com/c/shops/back-to-school","159821222"
"https://www.academy.com/c/shops/back-to-school","162813750"
"https://www.academy.com/c/shops/back-to-school","160631864"
"https://www.academy.com/c/shops/back-to-school","162814656"
"https://www.academy.com/c/shops/back-to-school","162570495"
"https://www.academy.com/c/shops/back-to-school","159829881"
"https://www.academy.com/c/shops/back-to-school","159824554"
"https://www.academy.com/c/shops/back-to-school","159829187"
"https://www.academy.com/c/shops/back-to-school","150983495"
"https://www.academy.com/c/shops/back-to-school","165104369"
"https://www.academy.com/c/shops/back-to-school","163040331"
"https://www.academy.com/c/shops/back-to-school","165919630"
"https://www.academy.com/c/shops/back-to-school","159798245"
"https://www.academy.com/c/shops/back-to-school","163390381"
"https://www.academy.com/c/shops/back-to-school","164289031"
"https://www.academy.com/c/shops/back-to-school","154927319"
"https://www.academy.com/c/shops/back-to-school","157436785"
"https://www.academy.com/c/shops/back-to-school","200012196"
"https://www.academy.com/c/shops/back-to-school","163261627"
"https://www.academy.com/c/shops/back-to-school","160955738"
"https://www.academy.com/c/shops/back-to-school","160637895"
"https://www.academy.com/c/shops/back-to-school","161853653"
"https://www.academy.com/c/shops/back-to-school","163262558"
"https://www.academy.com/c/shops/back-to-school","162394305"
"https://www.academy.com/c/shops/back-to-school","157340935"
"https://www.academy.com/c/shops/back-to-school","163818536"
"https://www.academy.com/c/shops/back-to-school","103674577"
"https://www.academy.com/c/shops/back-to-school","155602938"
"https://www.academy.com/c/shops/back-to-school","158640104"
"https://www.academy.com/c/shops/back-to-school","141080251"
"https://www.academy.com/c/shops/back-to-school","118088731"
"https://www.academy.com/c/shops/back-to-school","141073932"
"https://www.academy.com/c/shops/back-to-school","162258303"
"https://www.academy.com/c/shops/back-to-school","165690775"
"https://www.academy.com/c/shops/back-to-school","163880348"
"https://www.academy.com/c/shops/back-to-school","162139136"
"https://www.academy.com/c/shops/back-to-school","163358023"
"https://www.academy.com/c/shops/back-to-school","130834775"
"https://www.academy.com/c/shops/back-to-school","156247325"
"https://www.academy.com/c/shops/back-to-school","161037584"
"https://www.academy.com/c/shops/back-to-school","160759702"
"https://www.academy.com/c/shops/back-to-school","159847502"
"https://www.academy.com/c/shops/back-to-school","151536890"
"https://www.academy.com/c/shops/back-to-school","146415495"
"https://www.academy.com/c/shops/back-to-school","138237705"
"https://www.academy.com/c/shops/back-to-school","164530059"
"https://www.academy.com/c/shops/back-to-school","160957063"
"https://www.academy.com/c/shops/back-to-school","159843245"
"https://www.academy.com/c/shops/back-to-school","160973338"
"https://www.academy.com/c/shops/back-to-school","163818122"
"https://www.academy.com/c/shops/back-to-school","159849428"
"https://www.academy.com/c/shops/back-to-school","159820529"
"https://www.academy.com/c/shops/back-to-school","162878676"
"https://www.academy.com/c/shops/back-to-school","150661939"
"https://www.academy.com/c/shops/back-to-school","162836724"
"https://www.academy.com/c/shops/back-to-school","158193519"
"https://www.academy.com/c/shops/back-to-school","162361141"
"https://www.academy.com/c/shops/back-to-school","162815051"
"https://www.academy.com/c/shops/back-to-school","162815190"
"https://www.academy.com/c/shops/back-to-school","165901544"
"https://www.academy.com/c/shops/back-to-school","142465719"
"https://www.academy.com/c/shops/back-to-school","163051398"
"https://www.academy.com/c/shops/back-to-school","162066441"
"https://www.academy.com/c/shops/back-to-school","156252520"
"https://www.academy.com/c/shops/back-to-school","154934480"
"https://www.academy.com/c/shops/back-to-school","152083597"
"https://www.academy.com/c/shops/back-to-school","157414851"
"https://www.academy.com/c/shops/back-to-school","158969436"
"https://www.academy.com/c/shops/back-to-school","154344252"
"https://www.academy.com/c/shops/back-to-school","157437690"
"https://www.academy.com/c/shops/back-to-school","112686801"
"https://www.academy.com/c/shops/back-to-school","141087390"
"https://www.academy.com/c/shops/back-to-school","164587135"
"https://www.academy.com/c/shops/back-to-school","144669475"
"https://www.academy.com/c/shops/back-to-school","162714840"
"https://www.academy.com/c/shops/back-to-school","160956394"
"https://www.academy.com/c/shops/back-to-school","139125271"
"https://www.academy.com/c/shops/back-to-school","162360480"
"https://www.academy.com/c/shops/back-to-school","149629536"
"https://www.academy.com/c/shops/back-to-school","118769931"
"https://www.academy.com/c/shops/back-to-school","159815498"
"https://www.academy.com/c/shops/back-to-school","201410766"
"https://www.academy.com/c/shops/back-to-school","150419149"
"https://www.academy.com/c/shops/back-to-school","160653107"
"https://www.academy.com/c/shops/back-to-school","152499234"
"https://www.academy.com/c/shops/back-to-school","162896292"
"https://www.academy.com/c/shops/back-to-school","157400361"
"https://www.academy.com/c/shops/back-to-school","200008306"
"https://www.academy.com/c/shops/back-to-school","139410653"
"https://www.academy.com/c/shops/back-to-school","162694711"
"https://www.academy.com/c/shops/back-to-school","140981576"
"https://www.academy.com/c/shops/back-to-school","162745646"
"https://www.academy.com/c/shops/back-to-school","164306031"
"https://www.academy.com/c/shops/back-to-school","165206584"
"https://www.academy.com/c/shops/back-to-school","134891638"
"https://www.academy.com/c/shops/back-to-school","165821587"
"https://www.academy.com/c/shops/back-to-school","165821341"
"https://www.academy.com/c/shops/back-to-school","149600098"
"https://www.academy.com/c/shops/back-to-school","163728670"
"https://www.academy.com/c/shops/back-to-school","165821771"
"https://www.academy.com/c/shops/back-to-school","160529317"
"https://www.academy.com/c/shops/back-to-school","165420265"
"https://www.academy.com/c/shops/back-to-school","141075381"
"https://www.academy.com/c/shops/back-to-school","112695231"
"https://www.academy.com/c/shops/back-to-school","160633261"
"https://www.academy.com/c/shops/back-to-school","151546641"
"https://www.academy.com/c/shops/back-to-school","162692661"
"https://www.academy.com/c/shops/back-to-school","162713767"
"https://www.academy.com/c/shops/back-to-school","150277742"
"https://www.academy.com/c/shops/back-to-school","159849903"
"https://www.academy.com/c/shops/back-to-school","159845734"
"https://www.academy.com/c/shops/back-to-school","159844862"
"https://www.academy.com/c/shops/back-to-school","163592581"
"https://www.academy.com/c/shops/back-to-school","163269063"
"https://www.academy.com/c/shops/back-to-school","150310371"
"https://www.academy.com/c/shops/back-to-school","159849188"
"https://www.academy.com/c/shops/back-to-school","151546300"
"https://www.academy.com/c/shops/back-to-school","161177464"
"https://www.academy.com/c/shops/back-to-school","162139558"
"https://www.academy.com/c/shops/back-to-school","162813792"
"https://www.academy.com/c/shops/back-to-school","161177173"
"https://www.academy.com/c/shops/back-to-school","159828707"
"https://www.academy.com/c/shops/back-to-school","161196534"
"https://www.academy.com/c/shops/back-to-school","162895812"
"https://www.academy.com/c/shops/back-to-school","163365987"
"https://www.academy.com/c/shops/back-to-school","166046885"
"https://www.academy.com/c/shops/back-to-school","166047028"
"https://www.academy.com/c/shops/back-to-school","152380268"
"https://www.academy.com/c/shops/back-to-school","146415541"
"https://www.academy.com/c/shops/back-to-school","163205220"
"https://www.academy.com/c/shops/back-to-school","159829435"
"https://www.academy.com/c/shops/back-to-school","145257608"
"https://www.academy.com/c/shops/back-to-school","162895775"
"https://www.academy.com/c/shops/back-to-school","154934738"
"https://www.academy.com/c/shops/back-to-school","154934041"
"https://www.academy.com/c/shops/back-to-school","162834260"
"https://www.academy.com/c/shops/back-to-school","154752601"
"https://www.academy.com/c/shops/back-to-school","165258077"
"https://www.academy.com/c/shops/back-to-school","165599744"
"https://www.academy.com/c/shops/back-to-school","162553564"
"https://www.academy.com/c/shops/back-to-school","162107695"
"https://www.academy.com/c/shops/back-to-school","159863385"
"https://www.academy.com/c/shops/back-to-school","163502515"
"https://www.academy.com/c/shops/back-to-school","162255153"
"https://www.academy.com/c/shops/back-to-school","165151691"
"https://www.academy.com/c/shops/back-to-school","138719093"
"https://www.academy.com/c/shops/back-to-school","141072825"
"https://www.academy.com/c/shops/back-to-school","118597800"
"https://www.academy.com/c/shops/back-to-school","141093415"
"https://www.academy.com/c/shops/back-to-school","112768621"
"https://www.academy.com/c/shops/back-to-school","112685462"
"https://www.academy.com/c/shops/back-to-school","167133016"
"https://www.academy.com/c/shops/back-to-school","166626505"
"https://www.academy.com/c/shops/back-to-school","161198193"
"https://www.academy.com/c/shops/back-to-school","161097536"
"https://www.academy.com/c/shops/back-to-school","103405107"
"https://www.academy.com/c/shops/back-to-school","159849487"
"https://www.academy.com/c/shops/back-to-school","159829005"
"https://www.academy.com/c/shops/back-to-school","159809573"
"https://www.academy.com/c/shops/back-to-school","162714241"
"https://www.academy.com/c/shops/back-to-school","162359841"
"https://www.academy.com/c/shops/back-to-school","159820027"
"https://www.academy.com/c/shops/back-to-school","154927511"
"https://www.academy.com/c/shops/back-to-school","161196286"
"https://www.academy.com/c/shops/back-to-school","159847983"
"https://www.academy.com/c/shops/back-to-school","159844045"
"https://www.academy.com/c/shops/back-to-school","109374559"
"https://www.academy.com/c/shops/back-to-school","160476649"
"https://www.academy.com/c/shops/back-to-school","162584395"
"https://www.academy.com/c/shops/back-to-school","146414804"
"https://www.academy.com/c/shops/back-to-school","158352081"
"https://www.academy.com/c/shops/back-to-school","165902361"
"https://www.academy.com/c/shops/back-to-school","163523674"
"https://www.academy.com/c/shops/back-to-school","154035214"
"https://www.academy.com/c/shops/back-to-school","164997783"
"https://www.academy.com/c/shops/back-to-school","162895935"
"https://www.academy.com/c/shops/back-to-school","162690358"
"https://www.academy.com/c/shops/back-to-school","140534637"
"https://www.academy.com/c/shops/back-to-school","164940242"
"https://www.academy.com/c/shops/back-to-school","163517581"
"https://www.academy.com/c/shops/back-to-school","164324714"
"https://www.academy.com/c/shops/back-to-school","156610833"
"https://www.academy.com/c/shops/back-to-school","137208304"
"https://www.academy.com/c/shops/back-to-school","129531911"
"https://www.academy.com/c/shops/back-to-school","162896250"
"https://www.academy.com/c/shops/back-to-school","161123571"
"https://www.academy.com/c/shops/back-to-school","161125074"
"https://www.academy.com/c/shops/back-to-school","162068315"
"https://www.academy.com/c/shops/back-to-school","162896452"
"https://www.academy.com/c/shops/back-to-school","159136348"
"https://www.academy.com/c/shops/back-to-school","163794351"
"https://www.academy.com/c/shops/back-to-school","156875760"
"https://www.academy.com/c/shops/back-to-school","135297665"
"https://www.academy.com/c/shops/back-to-school","127015939"
"https://www.academy.com/c/shops/back-to-school","154420163"
"https://www.academy.com/c/shops/back-to-school","164526551"
"https://www.academy.com/c/shops/back-to-school","144109890"
"https://www.academy.com/c/shops/back-to-school","147264449"
"https://www.academy.com/c/shops/back-to-school","162609943"
"https://www.academy.com/c/shops/back-to-school","140838956"
"https://www.academy.com/c/shops/back-to-school","163794731"
"https://www.academy.com/c/shops/back-to-school","164530307"
"https://www.academy.com/c/shops/back-to-school","164501637"
"https://www.academy.com/c/shops/back-to-school","163362891"
"https://www.academy.com/c/shops/back-to-school","154522371"
"https://www.academy.com/c/shops/back-to-school","140276113"
"https://www.academy.com/c/shops/back-to-school","161196972"
"https://www.academy.com/c/shops/back-to-school","159812166"
"https://www.academy.com/c/shops/back-to-school","156339511"
"https://www.academy.com/c/shops/back-to-school","162136189"
"https://www.academy.com/c/shops/back-to-school","162143581"
"https://www.academy.com/c/shops/back-to-school","201456327"
"https://www.academy.com/c/shops/back-to-school","159828766"
"https://www.academy.com/c/shops/back-to-school","142709496"
"https://www.academy.com/c/shops/back-to-school","159814807"
"https://www.academy.com/c/shops/back-to-school","144107413"
"https://www.academy.com/c/shops/back-to-school","162359631"
"https://www.academy.com/c/shops/back-to-school","156026506"
"https://www.academy.com/c/shops/back-to-school","161141509"
"https://www.academy.com/c/shops/back-to-school","159847449"
"https://www.academy.com/c/shops/back-to-school","162814971"
"https://www.academy.com/c/shops/back-to-school","139919468"
"https://www.academy.com/c/shops/back-to-school","162379439"
"https://www.academy.com/c/shops/back-to-school","165901325"
"https://www.academy.com/c/shops/back-to-school","159803673"
"https://www.academy.com/c/shops/back-to-school","136570184"
"https://www.academy.com/c/shops/back-to-school","162107901"
"https://www.academy.com/c/shops/back-to-school","162690745"
"https://www.academy.com/c/shops/back-to-school","149056969"
"https://www.academy.com/c/shops/back-to-school","150315809"
"https://www.academy.com/c/shops/back-to-school","162895417"
"https://www.academy.com/c/shops/back-to-school","156253080"
"https://www.academy.com/c/shops/back-to-school","161124135"
"https://www.academy.com/c/shops/back-to-school","139417046"
"https://www.academy.com/c/shops/back-to-school","164158761"
"https://www.academy.com/c/shops/back-to-school","165821894"
"https://www.academy.com/c/shops/back-to-school","165987579"
"https://www.academy.com/c/shops/back-to-school","155606710"
"https://www.academy.com/c/shops/back-to-school","159863369"
"https://www.academy.com/c/shops/back-to-school","163040162"
"https://www.academy.com/c/shops/back-to-school","163729357"
"https://www.academy.com/c/shops/back-to-school","162677372"
"https://www.academy.com/c/shops/back-to-school","136833319"
"https://www.academy.com/c/shops/back-to-school","141204584"
"https://www.academy.com/c/shops/back-to-school","112678254"
"https://www.academy.com/c/shops/back-to-school","141085482"
"https://www.academy.com/c/shops/back-to-school","162689285"
"https://www.academy.com/c/shops/back-to-school","162368271"
"https://www.academy.com/c/shops/back-to-school","159847748"
"https://www.academy.com/c/shops/back-to-school","159845224"
"https://www.academy.com/c/shops/back-to-school","162814613"
"https://www.academy.com/c/shops/back-to-school","159828467"
"https://www.academy.com/c/shops/back-to-school","159803235"
"https://www.academy.com/c/shops/back-to-school","147767679"
"https://www.academy.com/c/shops/back-to-school","153816431"
"https://www.academy.com/c/shops/back-to-school","154708765"
"https://www.academy.com/c/shops/back-to-school","165291774"
"https://www.academy.com/c/shops/back-to-school","162067849"
"https://www.academy.com/c/shops/back-to-school","159849727"
"https://www.academy.com/c/shops/back-to-school","159849786"
"https://www.academy.com/c/shops/back-to-school","156379571"
"https://www.academy.com/c/shops/back-to-school","139126388"
"https://www.academy.com/c/shops/back-to-school","132877154"
"https://www.academy.com/c/shops/back-to-school","136565924"
"https://www.academy.com/c/shops/back-to-school","160534845"
"https://www.academy.com/c/shops/back-to-school","162895450"
"https://www.academy.com/c/shops/back-to-school","163575933"
"https://www.academy.com/c/shops/back-to-school","149610173"
"https://www.academy.com/c/shops/back-to-school","164957511"
"https://www.academy.com/c/shops/back-to-school","158959220"
"https://www.academy.com/c/shops/back-to-school","162572520"
"https://www.academy.com/c/shops/back-to-school","158193156"
"https://www.academy.com/c/shops/back-to-school","165662782"
"https://www.academy.com/c/shops/back-to-school","164296776"
"https://www.academy.com/c/shops/back-to-school","163951290"
"https://www.academy.com/c/shops/back-to-school","163258639"
"https://www.academy.com/c/shops/back-to-school","165642221"
"https://www.academy.com/c/shops/back-to-school","165690855"
"https://www.academy.com/c/shops/back-to-school","141071371"
"https://www.academy.com/c/shops/back-to-school","164296709"
"https://www.academy.com/c/shops/back-to-school","166430406"
"https://www.academy.com/c/shops/back-to-school","112702541"
"https://www.academy.com/c/shops/back-to-school","166626476"
"https://www.academy.com/c/shops/back-to-school","162689710"
"https://www.academy.com/c/shops/back-to-school","164530155"
"https://www.academy.com/c/shops/back-to-school","162135768"
"https://www.academy.com/c/shops/back-to-school","162891281"
"https://www.academy.com/c/shops/back-to-school","160403482"
"https://www.academy.com/c/shops/back-to-school","156381284"
"https://www.academy.com/c/shops/back-to-school","138493741"
"https://www.academy.com/c/shops/back-to-school","159848046"
"https://www.academy.com/c/shops/back-to-school","159811307"
"https://www.academy.com/c/shops/back-to-school","154112144"
"https://www.academy.com/c/shops/back-to-school","162236770"
"https://www.academy.com/c/shops/back-to-school","159829064"
"https://www.academy.com/c/shops/back-to-school","159821492"
"https://www.academy.com/c/shops/back-to-school","156831425"
"https://www.academy.com/c/shops/back-to-school","162814533"
"https://www.academy.com/c/shops/back-to-school","142469648"
"https://www.academy.com/c/shops/back-to-school","160633712"
"https://www.academy.com/c/shops/back-to-school","159849541"
"https://www.academy.com/c/shops/back-to-school","159847801"
"https://www.academy.com/c/shops/back-to-school","159813687"
"https://www.academy.com/c/shops/back-to-school","160402851"
"https://www.academy.com/c/shops/back-to-school","116160129"
"https://www.academy.com/c/shops/back-to-school","162690614"
"https://www.academy.com/c/shops/back-to-school","156997716"
"https://www.academy.com/c/shops/back-to-school","163833277"
"https://www.academy.com/c/shops/back-to-school","155139277"
"https://www.academy.com/c/shops/back-to-school","131078297"
"https://www.academy.com/c/shops/back-to-school","159826584"
"https://www.academy.com/c/shops/back-to-school","163260675"
"https://www.academy.com/c/shops/back-to-school","140082773"
"https://www.academy.com/c/shops/back-to-school","166047167"
"https://www.academy.com/c/shops/back-to-school","164621073"
"https://www.academy.com/c/shops/back-to-school","156252917"
"https://www.academy.com/c/shops/back-to-school","163358200"
"https://www.academy.com/c/shops/back-to-school","163355228"
"https://www.academy.com/c/shops/back-to-school","154867766"
"https://www.academy.com/c/shops/back-to-school","115187080"
"https://www.academy.com/c/shops/back-to-school","136565836"
"https://www.academy.com/c/shops/back-to-school","161208371"
"https://www.academy.com/c/shops/back-to-school","154782181"
"https://www.academy.com/c/shops/back-to-school","162191840"
"https://www.academy.com/c/shops/back-to-school","162896891"
"https://www.academy.com/c/shops/back-to-school","162896612"
"https://www.academy.com/c/shops/back-to-school","163039891"
"https://www.academy.com/c/shops/back-to-school","162573346"
"https://www.academy.com/c/shops/back-to-school","121185435"
"https://www.academy.com/c/shops/back-to-school","141703009"
"https://www.academy.com/c/shops/back-to-school","154894684"
"https://www.academy.com/c/shops/back-to-school","164288688"
"https://www.academy.com/c/shops/back-to-school","144548665"
"https://www.academy.com/c/shops/back-to-school","165025505"
"https://www.academy.com/c/shops/back-to-school","160957338"
"https://www.academy.com/c/shops/back-to-school","154935010"
"https://www.academy.com/c/shops/back-to-school","165821704"
"https://www.academy.com/c/shops/back-to-school","155603199"
"https://www.academy.com/c/shops/back-to-school","156943072"
"https://www.academy.com/c/shops/back-to-school","164519837"
"https://www.academy.com/c/shops/back-to-school","154376633"
"https://www.academy.com/c/shops/back-to-school","162604667"
"https://www.academy.com/c/shops/back-to-school","112677382"
"https://www.academy.com/c/shops/back-to-school","152688431"
"https://www.academy.com/c/shops/back-to-school","200987922"
"https://www.academy.com/c/shops/back-to-school","163390947"
"https://www.academy.com/c/shops/back-to-school","164685641"
"https://www.academy.com/c/shops/back-to-school","112766641"
"https://www.academy.com/c/shops/back-to-school","112688516"
"https://www.academy.com/c/shops/back-to-school","166626361"
"https://www.academy.com/c/shops/back-to-school","112768006"
"https://www.academy.com/c/shops/back-to-school","164534341"
"https://www.academy.com/c/shops/back-to-school","164530358"
"https://www.academy.com/c/shops/back-to-school","162039661"
"https://www.academy.com/c/shops/back-to-school","160476745"
"https://www.academy.com/c/shops/back-to-school","154522581"
"https://www.academy.com/c/shops/back-to-school","163455931"
"https://www.academy.com/c/shops/back-to-school","162815270"
"https://www.academy.com/c/shops/back-to-school","160403394"
"https://www.academy.com/c/shops/back-to-school","162108225"
"https://www.academy.com/c/shops/back-to-school","165292021"
"https://www.academy.com/c/shops/back-to-school","121342023"
"https://www.academy.com/c/shops/back-to-school","160815786"
"https://www.academy.com/c/shops/back-to-school","165901430"
"https://www.academy.com/c/shops/back-to-school","155306160"
"https://www.academy.com/c/shops/back-to-school","161037904"
"https://www.academy.com/c/shops/back-to-school","157842581"
"https://www.academy.com/c/shops/back-to-school","137694621"
"https://www.academy.com/c/shops/back-to-school","162853583"
"https://www.academy.com/c/shops/back-to-school","161137091"
"https://www.academy.com/c/shops/back-to-school","124646807"
"https://www.academy.com/c/shops/back-to-school","116544190"
"https://www.academy.com/c/shops/back-to-school","161187507"
"https://www.academy.com/c/shops/back-to-school","144865847"
"https://www.academy.com/c/shops/back-to-school","162194266"
"https://www.academy.com/c/shops/back-to-school","163298340"
"https://www.academy.com/c/shops/back-to-school","143854951"
"https://www.academy.com/c/shops/back-to-school","112676460"
"https://www.academy.com/c/shops/back-to-school","165776296"
"https://www.academy.com/c/shops/back-to-school","133120997"
"https://www.academy.com/c/shops/back-to-school","112682042"
"https://www.academy.com/c/shops/back-to-school","163805145"
"https://www.academy.com/c/shops/back-to-school","159806196"
"https://www.academy.com/c/shops/back-to-school","159844571"
"https://www.academy.com/c/shops/back-to-school","159827106"
"https://www.academy.com/c/shops/back-to-school","163956955"
"https://www.academy.com/c/shops/back-to-school","162599845"
"https://www.academy.com/c/shops/back-to-school","161850508"
"https://www.academy.com/c/shops/back-to-school","160403301"
"https://www.academy.com/c/shops/back-to-school","159830111"
"https://www.academy.com/c/shops/back-to-school","160402906"
"https://www.academy.com/c/shops/back-to-school","159823746"
"https://www.academy.com/c/shops/back-to-school","150277339"
"https://www.academy.com/c/shops/back-to-school","162159962"
"https://www.academy.com/c/shops/back-to-school","161183522"
"https://www.academy.com/c/shops/back-to-school","159845161"
"https://www.academy.com/c/shops/back-to-school","159830778"
"https://www.academy.com/c/shops/back-to-school","159846729"
"https://www.academy.com/c/shops/back-to-school","159828643"
"https://www.academy.com/c/shops/back-to-school","159827499"
"https://www.academy.com/c/shops/back-to-school","162896330"
"https://www.academy.com/c/shops/back-to-school","162381361"
"https://www.academy.com/c/shops/back-to-school","165902791"
"https://www.academy.com/c/shops/back-to-school","166023982"
"https://www.academy.com/c/shops/back-to-school","158922700"
"https://www.academy.com/c/shops/back-to-school","153145163"
"https://www.academy.com/c/shops/back-to-school","141746893"
"https://www.academy.com/c/shops/back-to-school","160632411"
"https://www.academy.com/c/shops/back-to-school","162609521"
"https://www.academy.com/c/shops/back-to-school","105883381"
"https://www.academy.com/c/shops/back-to-school","151712945"
"https://www.academy.com/c/shops/back-to-school","163797464"
"https://www.academy.com/c/shops/back-to-school","158345210"
"https://www.academy.com/c/shops/back-to-school","161182589"
"https://www.academy.com/c/shops/back-to-school","161826372"
"https://www.academy.com/c/shops/back-to-school","162895214"
"https://www.academy.com/c/shops/back-to-school","156690079"
"https://www.academy.com/c/shops/back-to-school","152131561"
"https://www.academy.com/c/shops/back-to-school","161124573"
"https://www.academy.com/c/shops/back-to-school","159855721"
"https://www.academy.com/c/shops/back-to-school","163599986"
"https://www.academy.com/c/shops/back-to-school","156252896"
"https://www.academy.com/c/shops/back-to-school","162085060"
"https://www.academy.com/c/shops/back-to-school","164525479"
"https://www.academy.com/c/shops/back-to-school","152678259"
"https://www.academy.com/c/shops/back-to-school","142894337"
"https://www.academy.com/c/shops/back-to-school","116685187"
"https://www.academy.com/c/shops/back-to-school","161173210"
"https://www.academy.com/c/shops/back-to-school","162606700"
"https://www.academy.com/c/shops/back-to-school","163863628"
"https://www.academy.com/c/shops/back-to-school","163573153"
"https://www.academy.com/c/shops/back-to-school","159845566"
"https://www.academy.com/c/shops/back-to-school","139069934"
"https://www.academy.com/c/shops/back-to-school","162076622"
"https://www.academy.com/c/shops/back-to-school","159848847"
"https://www.academy.com/c/shops/back-to-school","163870692"
"https://www.academy.com/c/shops/back-to-school","163818000"
"https://www.academy.com/c/shops/back-to-school","163800096"
"https://www.academy.com/c/shops/back-to-school","160403052"
"https://www.academy.com/c/shops/back-to-school","159830348"
"https://www.academy.com/c/shops/back-to-school","161826321"
"https://www.academy.com/c/shops/back-to-school","159828942"
"https://www.academy.com/c/shops/back-to-school","162895610"
"https://www.academy.com/c/shops/back-to-school","159829697"
"https://www.academy.com/c/shops/back-to-school","162895898"
"https://www.academy.com/c/shops/back-to-school","154034799"
"https://www.academy.com/c/shops/back-to-school","162219507"
"https://www.academy.com/c/shops/back-to-school","162218491"
"https://www.academy.com/c/shops/back-to-school","159829241"
"https://www.academy.com/c/shops/back-to-school","162599466"
"https://www.academy.com/c/shops/back-to-school","162896410"
"https://www.academy.com/c/shops/back-to-school","163040437"
"https://www.academy.com/c/shops/back-to-school","162897130"
"https://www.academy.com/c/shops/back-to-school","161122501"
"https://www.academy.com/c/shops/back-to-school","160767631"
"https://www.academy.com/c/shops/back-to-school","161174095"
"https://www.academy.com/c/shops/back-to-school","162190396"
"https://www.academy.com/c/shops/back-to-school","158475719"
"https://www.academy.com/c/shops/back-to-school","162896372"
"https://www.academy.com/c/shops/back-to-school","162897092"
"https://www.academy.com/c/shops/back-to-school","161126202"
"https://www.academy.com/c/shops/back-to-school","157658345"
"https://www.academy.com/c/shops/back-to-school","164288311"
"https://www.academy.com/c/shops/back-to-school","162599731"
"https://www.academy.com/c/shops/back-to-school","162506741"
"https://www.academy.com/c/shops/back-to-school","161187662"
"https://www.academy.com/c/shops/back-to-school","160819066"
"https://www.academy.com/c/shops/back-to-school","163729517"
"https://www.academy.com/c/shops/back-to-school","162382371"
"https://www.academy.com/c/shops/back-to-school","137176550"
"https://www.academy.com/c/shops/back-to-school","154418928"
"https://www.academy.com/c/shops/back-to-school","165110304"
"https://www.academy.com/c/shops/back-to-school","164547707"
"https://www.academy.com/c/shops/back-to-school","156880593"
"https://www.academy.com/c/shops/back-to-school","112691897"
"https://www.academy.com/c/shops/back-to-school","112690165"
"https://www.academy.com/c/shops/back-to-school","141087066"
"https://www.academy.com/c/shops/back-to-school","163567722"
"https://www.academy.com/c/shops/back-to-school","118703262"
"https://www.academy.com/c/shops/back-to-school","164530251"
"https://www.academy.com/c/shops/back-to-school","164522075"
"https://www.academy.com/c/shops/back-to-school","163621531"
"https://www.academy.com/c/shops/back-to-school","161838971"
"https://www.academy.com/c/shops/back-to-school","159817522"
"https://www.academy.com/c/shops/back-to-school","159821370"
"https://www.academy.com/c/shops/back-to-school","154520957"
"https://www.academy.com/c/shops/back-to-school","161182538"
"https://www.academy.com/c/shops/back-to-school","159846059"
"https://www.academy.com/c/shops/back-to-school","164634106"
"https://www.academy.com/c/shops/back-to-school","159830006"
"https://www.academy.com/c/shops/back-to-school","114721931"
"https://www.academy.com/c/shops/back-to-school","163572505"
"https://www.academy.com/c/shops/back-to-school","164634229"
"https://www.academy.com/c/shops/back-to-school","158182609"
"https://www.academy.com/c/shops/back-to-school","162895695"
"https://www.academy.com/c/shops/back-to-school","162696469"
"https://www.academy.com/c/shops/back-to-school","159827843"
"https://www.academy.com/c/shops/back-to-school","161916571"
"https://www.academy.com/c/shops/back-to-school","162896698"
"https://www.academy.com/c/shops/back-to-school","160638708"
"https://www.academy.com/c/shops/back-to-school","160472197"
"https://www.academy.com/c/shops/back-to-school","160633536"
"https://www.academy.com/c/shops/back-to-school","164302591"
"https://www.academy.com/c/shops/back-to-school","122828156"
"https://www.academy.com/c/shops/back-to-school","160640015"
"https://www.academy.com/c/shops/back-to-school","143114996"
"https://www.academy.com/c/shops/back-to-school","156305193"
"https://www.academy.com/c/shops/back-to-school","157086105"
"https://www.academy.com/c/shops/back-to-school","154779635"
"https://www.academy.com/c/shops/back-to-school","161197879"
"https://www.academy.com/c/shops/back-to-school","161196921"
"https://www.academy.com/c/shops/back-to-school","161183717"
"https://www.academy.com/c/shops/back-to-school","164514930"
"https://www.academy.com/c/shops/back-to-school","140546291"
"https://www.academy.com/c/shops/back-to-school","156667653"
"https://www.academy.com/c/shops/back-to-school","160403634"
"https://www.academy.com/c/shops/back-to-school","163120461"
"https://www.academy.com/c/shops/back-to-school","157213274"
"https://www.academy.com/c/shops/back-to-school","139734746"
"https://www.academy.com/c/shops/back-to-school","165044968"
"https://www.academy.com/c/shops/back-to-school","162507189"
"https://www.academy.com/c/shops/back-to-school","162191532"
"https://www.academy.com/c/shops/back-to-school","161187398"
"https://www.academy.com/c/shops/back-to-school","162330521"
"https://www.academy.com/c/shops/back-to-school","163800256"
"https://www.academy.com/c/shops/back-to-school","146941508"
"https://www.academy.com/c/shops/back-to-school","162677057"
"https://www.academy.com/c/shops/back-to-school","161803461"
"https://www.academy.com/c/shops/back-to-school","116686825"
"https://www.academy.com/c/shops/back-to-school","156722157"
"https://www.academy.com/c/shops/back-to-school","141083090"
"https://www.academy.com/c/shops/back-to-school","141092834"
"https://www.academy.com/c/shops/back-to-school","141073191"
"https://www.academy.com/c/shops/back-to-school","139736549"
"https://www.academy.com/c/shops/back-to-school","140937268"
"https://www.academy.com/c/shops/back-to-school","141089969"
"https://www.academy.com/c/shops/back-to-school","162368756"
"https://www.academy.com/c/shops/back-to-school","158182191"
"https://www.academy.com/c/shops/back-to-school","130501807"
"https://www.academy.com/c/shops/back-to-school","157004579"
"https://www.academy.com/c/shops/back-to-school","153051562"
"https://www.academy.com/c/shops/back-to-school","112708679"
"https://www.academy.com/c/shops/back-to-school","164159131"
"https://www.academy.com/c/shops/back-to-school","141085749"
"https://www.academy.com/c/shops/back-to-school","116637847"
"https://www.academy.com/c/shops/back-to-school","112706585"
"https://www.academy.com/c/shops/back-to-school","162606152"
"https://www.academy.com/c/shops/back-to-school","138897308"
"https://www.academy.com/c/shops/back-to-school","165080184"
"https://www.academy.com/c/shops/back-to-school","163120365"
"https://www.academy.com/c/shops/back-to-school","161077914"
"https://www.academy.com/c/shops/back-to-school","161197123"
"https://www.academy.com/c/shops/back-to-school","161196180"
"https://www.academy.com/c/shops/back-to-school","161096875"
"https://www.academy.com/c/shops/back-to-school","161037841"
"https://www.academy.com/c/shops/back-to-school","159844408"
"https://www.academy.com/c/shops/back-to-school","159828580"
"https://www.academy.com/c/shops/back-to-school","159814962"
"https://www.academy.com/c/shops/back-to-school","162599626"
"https://www.academy.com/c/shops/back-to-school","159849241"
"https://www.academy.com/c/shops/back-to-school","162689031"
"https://www.academy.com/c/shops/back-to-school","160478273"
"https://www.academy.com/c/shops/back-to-school","159829304"
"https://www.academy.com/c/shops/back-to-school","164797415"
"https://www.academy.com/c/shops/back-to-school","159819536"
"https://www.academy.com/c/shops/back-to-school","160632314"
"https://www.academy.com/c/shops/back-to-school","160410105"
"https://www.academy.com/c/shops/back-to-school","160632111"
"https://www.academy.com/c/shops/back-to-school","162895732"
"https://www.academy.com/c/shops/back-to-school","162696143"
"https://www.academy.com/c/shops/back-to-school","160409905"
"https://www.academy.com/c/shops/back-to-school","160409825"
"https://www.academy.com/c/shops/back-to-school","162696371"
"https://www.academy.com/c/shops/back-to-school","162814197"
"https://www.academy.com/c/shops/back-to-school","127491724"
"https://www.academy.com/c/shops/back-to-school","123510967"
"https://www.academy.com/c/shops/back-to-school","162076905"
"https://www.academy.com/c/shops/back-to-school","163051689"
"https://www.academy.com/c/shops/back-to-school","158220476"
"https://www.academy.com/c/shops/back-to-school","165044378"
"https://www.academy.com/c/shops/back-to-school","161123440"
"https://www.academy.com/c/shops/back-to-school","156349381"
"https://www.academy.com/c/shops/back-to-school","117719334"
"https://www.academy.com/c/shops/back-to-school","162601407"
"https://www.academy.com/c/shops/back-to-school","153816377"
"https://www.academy.com/c/shops/back-to-school","160476243"
"https://www.academy.com/c/shops/back-to-school","160475911"
"https://www.academy.com/c/shops/back-to-school","201790778"
"https://www.academy.com/c/shops/back-to-school","162330643"
"https://www.academy.com/c/shops/back-to-school","163622488"
"https://www.academy.com/c/shops/back-to-school","160810011"
"https://www.academy.com/c/shops/back-to-school","133696380"
"https://www.academy.com/c/shops/back-to-school","165690425"
"https://www.academy.com/c/shops/back-to-school","165690476"
"https://www.academy.com/c/shops/back-to-school","144233920"
"https://www.academy.com/c/shops/back-to-school","149144782"
"https://www.academy.com/c/shops/back-to-school","161187777"
"https://www.academy.com/c/shops/back-to-school","152248806"
"https://www.academy.com/c/shops/back-to-school","158213284"
"https://www.academy.com/c/shops/back-to-school","160472373"
"https://www.academy.com/c/shops/back-to-school","165044327"
"https://www.academy.com/c/shops/back-to-school","135428160"
"https://www.academy.com/c/shops/back-to-school","156329021"
"https://www.academy.com/c/shops/back-to-school","162191903"
"https://www.academy.com/c/shops/back-to-school","160822214"
"https://www.academy.com/c/shops/back-to-school","161873769"
"https://www.academy.com/c/shops/back-to-school","162364667"
"https://www.academy.com/c/shops/back-to-school","146470929"
"https://www.academy.com/c/shops/back-to-school","162133375"
"https://www.academy.com/c/shops/back-to-school","140620826"
"https://www.academy.com/c/shops/back-to-school","110428008"
"https://www.academy.com/c/shops/back-to-school","163501643"
"https://www.academy.com/c/shops/back-to-school","156252503"
"https://www.academy.com/c/shops/back-to-school","156841156"
"https://www.academy.com/c/shops/back-to-school","156328096"
"https://www.academy.com/c/shops/back-to-school","153017882"
"https://www.academy.com/c/shops/back-to-school","149858646"
"https://www.academy.com/c/shops/back-to-school","162780564"
"https://www.academy.com/c/shops/back-to-school","141092308"
"https://www.academy.com/c/shops/back-to-school","134875478"
"https://www.academy.com/c/shops/back-to-school","122052431"
"https://www.academy.com/c/shops/back-to-school","112766078"
"https://www.academy.com/c/shops/back-to-school","152670901"
"https://www.academy.com/c/shops/back-to-school","158220759"
"https://www.academy.com/c/shops/back-to-school","148522631"
"https://www.academy.com/c/shops/back-to-school","122642571"
"https://www.academy.com/c/shops/back-to-school","162869497"
"https://www.academy.com/c/shops/back-to-school","162708431"
"https://www.academy.com/c/shops/back-to-school","166099258"
"https://www.academy.com/c/shops/back-to-school","166474901"
"https://www.academy.com/c/shops/back-to-school","165785459"
"https://www.academy.com/c/shops/back-to-school","136513260"
"https://www.academy.com/c/shops/back-to-school","120714817"
"https://www.academy.com/c/shops/back-to-school","116709943"
"https://www.academy.com/c/shops/back-to-school","112709250"
"https://www.academy.com/c/shops/back-to-school","167388377"
"https://www.academy.com/c/shops/back-to-school","167132697"
"https://www.academy.com/c/shops/back-to-school","166460533"
"https://www.academy.com/c/shops/back-to-school","162610266"
"https://www.academy.com/c/shops/back-to-school","113415413"
"https://www.academy.com/c/shops/back-to-school","163368643"
"https://www.academy.com/c/shops/back-to-school","163368301"
"https://www.academy.com/c/shops/back-to-school","163029801"
"https://www.academy.com/c/shops/back-to-school","141752249"
"https://www.academy.com/c/shops/back-to-school","138896786"
"https://www.academy.com/c/shops/back-to-school","118562172"
"https://www.academy.com/c/shops/back-to-school","118561786"
"https://www.academy.com/c/shops/back-to-school","165080088"
"https://www.academy.com/c/shops/back-to-school","165044159"
"https://www.academy.com/c/shops/back-to-school","159845890"
"https://www.academy.com/c/shops/back-to-school","159845339"
"https://www.academy.com/c/shops/back-to-school","159843982"
"https://www.academy.com/c/shops/back-to-school","159829822"
"https://www.academy.com/c/shops/back-to-school","142810949"
"https://www.academy.com/c/shops/back-to-school","159843860"
"https://www.academy.com/c/shops/back-to-school","160478855"
"https://www.academy.com/c/shops/back-to-school","161182781"
"https://www.academy.com/c/shops/back-to-school","161142157"
"https://www.academy.com/c/shops/back-to-school","160478716"
"https://www.academy.com/c/shops/back-to-school","160410181"
"https://www.academy.com/c/shops/back-to-school","160476796"
"https://www.academy.com/c/shops/back-to-school","161916394"
"https://www.academy.com/c/shops/back-to-school","160631573"
"https://www.academy.com/c/shops/back-to-school","162896815"
"https://www.academy.com/c/shops/back-to-school","162896735"
"https://www.academy.com/c/shops/back-to-school","160478628"
"https://www.academy.com/c/shops/back-to-school","160478409"
"https://www.academy.com/c/shops/back-to-school","159810371"
"https://www.academy.com/c/shops/back-to-school","158213330"
"https://www.academy.com/c/shops/back-to-school","163262241"
"https://www.academy.com/c/shops/back-to-school","159830225"
"https://www.academy.com/c/shops/back-to-school","160473093"
"https://www.academy.com/c/shops/back-to-school","160473173"
"https://www.academy.com/c/shops/back-to-school","160632365"
"https://www.academy.com/c/shops/back-to-school","164906600"
"https://www.academy.com/c/shops/back-to-school","162602047"
"https://www.academy.com/c/shops/back-to-school","160475777"
"https://www.academy.com/c/shops/back-to-school","116842875"
"https://www.academy.com/c/shops/back-to-school","160476067"
"https://www.academy.com/c/shops/back-to-school","160476420"
"https://www.academy.com/c/shops/back-to-school","163622357"
"https://www.academy.com/c/shops/back-to-school","160473270"
"https://www.academy.com/c/shops/back-to-school","132879838"
"https://www.academy.com/c/shops/back-to-school","162598981"
"https://www.academy.com/c/shops/back-to-school","158918962"
"https://www.academy.com/c/shops/back-to-school","158214084"
"https://www.academy.com/c/shops/back-to-school","156363836"
"https://www.academy.com/c/shops/back-to-school","157108423"
"https://www.academy.com/c/shops/back-to-school","161838875"
"https://www.academy.com/c/shops/back-to-school","160410068"
"https://www.academy.com/c/shops/back-to-school","164519984"
"https://www.academy.com/c/shops/back-to-school","161182933"
"https://www.academy.com/c/shops/back-to-school","161182731"
"https://www.academy.com/c/shops/back-to-school","161187937"
"https://www.academy.com/c/shops/back-to-school","165690919"
"https://www.academy.com/c/shops/back-to-school","139737701"
"https://www.academy.com/c/shops/back-to-school","162689445"
"https://www.academy.com/c/shops/back-to-school","158284285"
"https://www.academy.com/c/shops/back-to-school","162580870"
"https://www.academy.com/c/shops/back-to-school","158220329"
"https://www.academy.com/c/shops/back-to-school","156329312"
"https://www.academy.com/c/shops/back-to-school","162330580"
"https://www.academy.com/c/shops/back-to-school","163833525"
"https://www.academy.com/c/shops/back-to-school","162330467"
"https://www.academy.com/c/shops/back-to-school","123591584"
"https://www.academy.com/c/shops/back-to-school","163798037"
"https://www.academy.com/c/shops/back-to-school","163502831"
"https://www.academy.com/c/shops/back-to-school","156328635"
"https://www.academy.com/c/shops/back-to-school","121815265"
"https://www.academy.com/c/shops/back-to-school","162364288"
"https://www.academy.com/c/shops/back-to-school","162365061"
"https://www.academy.com/c/shops/back-to-school","138736951"
"https://www.academy.com/c/shops/back-to-school","162895530"
"https://www.academy.com/c/shops/back-to-school","156874521"
"https://www.academy.com/c/shops/back-to-school","162364430"
"https://www.academy.com/c/shops/back-to-school","135427693"
"https://www.academy.com/c/shops/back-to-school","147041034"
"https://www.academy.com/c/shops/back-to-school","133348828"
"https://www.academy.com/c/shops/back-to-school","156946353"
"https://www.academy.com/c/shops/back-to-school","134119963"
"https://www.academy.com/c/shops/back-to-school","162364333"
"https://www.academy.com/c/shops/back-to-school","158213621"
"https://www.academy.com/c/shops/back-to-school","200023500"
"https://www.academy.com/c/shops/back-to-school","160633034"
"https://www.academy.com/c/shops/back-to-school","162895290"
"https://www.academy.com/c/shops/back-to-school","160633211"
"https://www.academy.com/c/shops/back-to-school","139529144"
"https://www.academy.com/c/shops/back-to-school","157501364"
"https://www.academy.com/c/shops/back-to-school","165069292"
"https://www.academy.com/c/shops/back-to-school","156327000"
"https://www.academy.com/c/shops/back-to-school","120899196"
"https://www.academy.com/c/shops/back-to-school","163597745"
"https://www.academy.com/c/shops/back-to-school","163597577"
"https://www.academy.com/c/shops/back-to-school","158213381"
"https://www.academy.com/c/shops/back-to-school","158221639"
"https://www.academy.com/c/shops/back-to-school","158219926"
"https://www.academy.com/c/shops/back-to-school","158220919"
"https://www.academy.com/c/shops/back-to-school","158536147"
"https://www.academy.com/c/shops/back-to-school","158220994"
"https://www.academy.com/c/shops/back-to-school","156874572"
"https://www.academy.com/c/shops/back-to-school","112671968"
"https://www.academy.com/c/shops/back-to-school","153295401"
"https://www.academy.com/c/shops/back-to-school","139735941"
"https://www.academy.com/c/shops/back-to-school","158287380"
"https://www.academy.com/c/shops/back-to-school","158213436"
"https://www.academy.com/c/shops/back-to-school","139445645"
"https://www.academy.com/c/shops/back-to-school","139528900"
"https://www.academy.com/c/shops/back-to-school","112672725"
"https://www.academy.com/c/shops/back-to-school","162533416"
"https://www.academy.com/c/shops/back-to-school","112685446"
"https://www.academy.com/c/shops/back-to-school","159842314"
"https://www.academy.com/c/shops/back-to-school","149596615"
"https://www.academy.com/c/shops/back-to-school","141741611"
"https://www.academy.com/c/shops/back-to-school","153049121"
"https://www.academy.com/c/shops/back-to-school","158919105"
"https://www.academy.com/c/shops/back-to-school","158213487"
"https://www.academy.com/c/shops/back-to-school","112692494"
"https://www.academy.com/c/shops/back-to-school","156327712"
"https://www.academy.com/c/shops/back-to-school","152688967"
"https://www.academy.com/c/shops/back-to-school","152328671"
"https://www.academy.com/c/shops/back-to-school","113413637"
"https://www.academy.com/c/shops/back-to-school","154376713"
"https://www.academy.com/c/shops/back-to-school","154091427"
"https://www.academy.com/c/shops/back-to-school","145255848"
"https://www.academy.com/c/shops/back-to-school","112706032"
"https://www.academy.com/c/shops/back-to-school","166376631"
"https://www.academy.com/c/shops/back-to-school","166100992"
"https://www.academy.com/c/shops/back-to-school","157463986"
"https://www.academy.com/c/shops/back-to-school","116709388"
"https://www.academy.com/c/shops/back-to-school","112709858"
"https://www.academy.com/c/shops/back-to-school","112703270"
"https://www.academy.com/c/shops/back-to-school","152325103"
"https://www.academy.com/c/shops/back-to-school","141076295"
"https://www.academy.com/c/shops/back-to-school","116639050"
"https://www.academy.com/c/shops/back-to-school","112767177"
"https://www.academy.com/c/shops/back-to-school","112767071"
"https://www.academy.com/c/shops/back-to-school","112705460"
"https://www.academy.com/c/shops/back-to-school","112681664"
"https://www.academy.com/c/shops/back-to-school","166458142"
"https://www.academy.com/c/shops/back-to-school","166376420"
"https://www.academy.com/c/shops/back-to-school","166100749"
"https://www.academy.com/c/shops/back-to-school","130503714"
"https://www.academy.com/c/shops/back-to-school","156827784"
"https://www.academy.com/c/shops/back-to-school","162929752"
"https://www.academy.com/c/shops/back-to-school","153052418"
"https://www.academy.com/c/shops/back-to-school","132811147"
"https://www.academy.com/c/shops/back-to-school","139164798"
"https://www.academy.com/c/shops/back-to-school","139061692"
"https://www.academy.com/c/shops/back-to-school","133453708"
"https://www.academy.com/c/shops/back-to-school","120716679"
"https://www.academy.com/c/shops/back-to-school","120715596"
"https://www.academy.com/c/shops/back-to-school","116637661"
"https://www.academy.com/c/shops/back-to-school","112693446"
"https://www.academy.com/c/shops/back-to-school","112681859"
"https://www.academy.com/c/shops/back-to-school","112681285"
"https://www.academy.com/c/shops/back-to-school","166475014"
"https://www.academy.com/c/shops/back-to-school","141087218"
"https://www.academy.com/c/shops/back-to-school","160061785"
"https://www.academy.com/c/shops/back-to-school","167408260"
"https://www.academy.com/c/shops/back-to-school","166518061"
"https://www.academy.com/c/shops/back-to-school","166472711"
"https://www.academy.com/c/shops/back-to-school","166458530"
"https://www.academy.com/c/shops/back-to-school","166457086"
"https://www.academy.com/c/shops/back-to-school","166457001"
"https://www.academy.com/c/shops/back-to-school","166456850"
"https://www.academy.com/c/shops/back-to-school","165964609"
"https://www.academy.com/c/shops/back-to-school","165849651"
"https://www.academy.com/c/shops/back-to-school","165849491"
"https://www.academy.com/c/shops/back-to-school","165785993"
"https://www.academy.com/c/shops/back-to-school","165785918"
"https://www.academy.com/c/shops/back-to-school","165785791"
"https://www.academy.com/c/shops/back-to-school","165785758"
"https://www.academy.com/c/shops/back-to-school","165623089"
"https://www.academy.com/c/shops/back-to-school","165048011"
"https://www.academy.com/c/shops/back-to-school","164587944"
"https://www.academy.com/c/shops/back-to-school","163567597"
"https://www.academy.com/c/shops/back-to-school","163254355"
"https://www.academy.com/c/shops/back-to-school","162930180"
"https://www.academy.com/c/shops/back-to-school","153276403"
"https://www.academy.com/c/shops/back-to-school","152558329"
"https://www.academy.com/c/shops/back-to-school","152391135"
"https://www.academy.com/c/shops/back-to-school","144550976"
"https://www.academy.com/c/shops/back-to-school","142459394"
"https://www.academy.com/c/shops/back-to-school","141794721"
"https://www.academy.com/c/shops/back-to-school","141794529"
"https://www.academy.com/c/shops/back-to-school","141346777"
"https://www.academy.com/c/shops/back-to-school","133453661"
"https://www.academy.com/c/shops/back-to-school","130045143"
"https://www.academy.com/c/shops/back-to-school","122099230"
"https://www.academy.com/c/shops/back-to-school","112704205"
"https://www.academy.com/c/shops/back-to-school","116637564"
"https://www.academy.com/c/shops/back-to-school","112701143"
"https://www.academy.com/c/shops/back-to-school","112691521"
"https://www.academy.com/c/shops/back-to-school","153243679"
"https://www.academy.com/c/shops/back-to-school","133474664"
"https://www.academy.com/c/shops/back-to-school","165039430"
"https://www.academy.com/c/shops/back-to-school","156841826"
"https://www.academy.com/c/shops/back-to-school","156876017"
"https://www.academy.com/c/shops/back-to-school","146542726"
"https://www.academy.com/c/shops/back-to-school","150539677"
"https://www.academy.com/c/shops/back-to-school","140276519"
"https://www.academy.com/c/shops/back-to-school","119101001"
"https://www.academy.com/c/shops/back-to-school","151556495"
"https://www.academy.com/c/shops/back-to-school","152793038"
"https://www.academy.com/c/shops/back-to-school","167132380"
"https://www.academy.com/c/shops/back-to-school","166626302"
"https://www.academy.com/c/shops/back-to-school","163358322"
"https://www.academy.com/c/shops/back-to-school","162077131"
"https://www.academy.com/c/shops/back-to-school","150118881"
"https://www.academy.com/c/shops/back-to-school","159846884"
"https://www.academy.com/c/shops/back-to-school","159839027"
"https://www.academy.com/c/shops/back-to-school","138494867"
"https://www.academy.com/c/shops/back-to-school","162076104"
"https://www.academy.com/c/shops/back-to-school","159845398"
"https://www.academy.com/c/shops/back-to-school","159815623"
"https://www.academy.com/c/shops/back-to-school","160403001"
"https://www.academy.com/c/shops/back-to-school","142470227"
"https://www.academy.com/c/shops/back-to-school","160956781"
"https://www.academy.com/c/shops/back-to-school","142469904"
"https://www.academy.com/c/shops/back-to-school","152079475"
"https://www.academy.com/c/shops/back-to-school","162526291"
"https://www.academy.com/c/shops/back-to-school","163797771"
"https://www.academy.com/c/shops/back-to-school","156655311"
"https://www.academy.com/c/shops/back-to-school","162707877"
"https://www.academy.com/c/shops/back-to-school","118097573"
"https://www.academy.com/c/shops/back-to-school","150433549"
"https://www.academy.com/c/shops/back-to-school","162881656"
"https://www.academy.com/c/shops/back-to-school","162878158"
"https://www.academy.com/c/shops/back-to-school","159847625"
"https://www.academy.com/c/shops/back-to-school","159820351"
"https://www.academy.com/c/shops/back-to-school","160957223"
"https://www.academy.com/c/shops/back-to-school","136274342"
"https://www.academy.com/c/shops/back-to-school","159827624"
"https://www.academy.com/c/shops/back-to-school","160956677"
"https://www.academy.com/c/shops/back-to-school","145600226"
"https://www.academy.com/c/shops/back-to-school","163713021"
"https://www.academy.com/c/shops/back-to-school","156355465"
"https://www.academy.com/c/shops/back-to-school","162605900"
"https://www.academy.com/c/shops/back-to-school","164482350"
"https://www.academy.com/c/shops/back-to-school","141071591"
"https://www.academy.com/c/shops/back-to-school","159075135"
"https://www.academy.com/c/shops/back-to-school","165851444"
"https://www.academy.com/c/shops/back-to-school","162837225"
"https://www.academy.com/c/shops/back-to-school","162689120"
"https://www.academy.com/c/shops/back-to-school","160956950"
"https://www.academy.com/c/shops/back-to-school","150310493"
"https://www.academy.com/c/shops/back-to-school","162599159"
"https://www.academy.com/c/shops/back-to-school","161916482"
"https://www.academy.com/c/shops/back-to-school","159848783"
"https://www.academy.com/c/shops/back-to-school","165125080"
"https://www.academy.com/c/shops/back-to-school","160631768"
"https://www.academy.com/c/shops/back-to-school","149640305"
"https://www.academy.com/c/shops/back-to-school","163302089"
"https://www.academy.com/c/shops/back-to-school","162895492"
"https://www.academy.com/c/shops/back-to-school","160822484"
"https://www.academy.com/c/shops/back-to-school","160632218"
"https://www.academy.com/c/shops/back-to-school","152572278"
"https://www.academy.com/c/shops/back-to-school","162372704"
"https://www.academy.com/c/shops/back-to-school","163558893"
"https://www.academy.com/c/shops/back-to-school","162599061"
"https://www.academy.com/c/shops/back-to-school","163805250"
"https://www.academy.com/c/shops/back-to-school","156876172"
"https://www.academy.com/c/shops/back-to-school","161025655"
"https://www.academy.com/c/shops/back-to-school","163391464"
"https://www.academy.com/c/shops/back-to-school","120713056"
"https://www.academy.com/c/shops/back-to-school","116695422"
"https://www.academy.com/c/shops/back-to-school","162682180"
"https://www.academy.com/c/shops/back-to-school","166626249"
"https://www.academy.com/c/shops/back-to-school","163362831"
"https://www.academy.com/c/shops/back-to-school","162696194"
"https://www.academy.com/c/shops/back-to-school","159785751"
"https://www.academy.com/c/shops/back-to-school","159844184"
"https://www.academy.com/c/shops/back-to-school","159807501"
"https://www.academy.com/c/shops/back-to-school","159849305"
"https://www.academy.com/c/shops/back-to-school","160472550"
"https://www.academy.com/c/shops/back-to-school","160409948"
"https://www.academy.com/c/shops/back-to-school","160631661"
"https://www.academy.com/c/shops/back-to-school","161745281"
"https://www.academy.com/c/shops/back-to-school","163575634"
"https://www.academy.com/c/shops/back-to-school","162896778"
"https://www.academy.com/c/shops/back-to-school","155867127"
"https://www.academy.com/c/shops/back-to-school","162192025"
"https://www.academy.com/c/shops/back-to-school","161853274"
"https://www.academy.com/c/shops/back-to-school","152498784"
"https://www.academy.com/c/shops/back-to-school","131984978"
"https://www.academy.com/c/shops/back-to-school","160476016"
"https://www.academy.com/c/shops/back-to-school","151715775"
"https://www.academy.com/c/shops/back-to-school","163501758"
"https://www.academy.com/c/shops/back-to-school","162694922"
"https://www.academy.com/c/shops/back-to-school","164519933"
"https://www.academy.com/c/shops/back-to-school","164519888"
"https://www.academy.com/c/shops/back-to-school","164514817"
"https://www.academy.com/c/shops/back-to-school","163833146"
"https://www.academy.com/c/shops/back-to-school","122524566"
"https://www.academy.com/c/shops/back-to-school","148585105"
"https://www.academy.com/c/shops/back-to-school","119098236"
"https://www.academy.com/c/shops/back-to-school","116685953"
"https://www.academy.com/c/shops/back-to-school","162554743"
"https://www.academy.com/c/shops/back-to-school","166098888"
"https://www.academy.com/c/shops/back-to-school","164158429"
"https://www.academy.com/c/shops/back-to-school","162696055"
"https://www.academy.com/c/shops/back-to-school","159844977"
"https://www.academy.com/c/shops/back-to-school","161142413"
"https://www.academy.com/c/shops/back-to-school","162177351"
"https://www.academy.com/c/shops/back-to-school","155144851"
"https://www.academy.com/c/shops/back-to-school","159850023"
"https://www.academy.com/c/shops/back-to-school","159846382"
"https://www.academy.com/c/shops/back-to-school","159849014"
"https://www.academy.com/c/shops/back-to-school","157367441"
"https://www.academy.com/c/shops/back-to-school","161853143"
"https://www.academy.com/c/shops/back-to-school","117341802"
"https://www.academy.com/c/shops/back-to-school","155259771"
"https://www.academy.com/c/shops/back-to-school","157096995"
"https://www.academy.com/c/shops/back-to-school","160476331"
"https://www.academy.com/c/shops/back-to-school","162895370"
"https://www.academy.com/c/shops/back-to-school","165821392"
"https://www.academy.com/c/shops/back-to-school","161027677"
"https://www.academy.com/c/shops/back-to-school","138734656"
"https://www.academy.com/c/shops/back-to-school","161182482"
"https://www.academy.com/c/shops/back-to-school","160472912"
"https://www.academy.com/c/shops/back-to-school","163299633"
"https://www.academy.com/c/shops/back-to-school","161916669"
"https://www.academy.com/c/shops/back-to-school","163833402"
"https://www.academy.com/c/shops/back-to-school","163501424"
"https://www.academy.com/c/shops/back-to-school","112696575"
"https://www.academy.com/c/shops/back-to-school","116638719"
"https://www.academy.com/c/shops/back-to-school","122094906"
"https://www.academy.com/c/shops/back-to-school","162681961"
"https://www.academy.com/c/shops/back-to-school","166595577"
"https://www.academy.com/c/shops/back-to-school","112690659"
"https://www.academy.com/c/shops/back-to-school","152295418"
"https://www.academy.com/c/shops/back-to-school","167131598"
"https://www.academy.com/c/shops/back-to-school","165853757"
"https://www.academy.com/c/shops/back-to-school","167131678"
"https://www.academy.com/c/shops/back-to-school","163795274"
"https://www.academy.com/c/shops/back-to-school","112766203"
"https://www.academy.com/c/shops/back-to-school","163833074"
"https://www.academy.com/c/shops/back-to-school","162878246"
"https://www.academy.com/c/shops/back-to-school","159844248"
"https://www.academy.com/c/shops/back-to-school","160785687"
"https://www.academy.com/c/shops/back-to-school","161182431"
"https://www.academy.com/c/shops/back-to-school","159825961"
"https://www.academy.com/c/shops/back-to-school","160632461"
"https://www.academy.com/c/shops/back-to-school","160633624"
"https://www.academy.com/c/shops/back-to-school","159829566"
"https://www.academy.com/c/shops/back-to-school","139887312"
"https://www.academy.com/c/shops/back-to-school","163362778"
"https://www.academy.com/c/shops/back-to-school","153145201"
"https://www.academy.com/c/shops/back-to-school","165080037"
"https://www.academy.com/c/shops/back-to-school","165045266"
"https://www.academy.com/c/shops/back-to-school","160471590"
"https://www.academy.com/c/shops/back-to-school","160471830"
"https://www.academy.com/c/shops/back-to-school","165044773"
"https://www.academy.com/c/shops/back-to-school","158220409"
"https://www.academy.com/c/shops/back-to-school","162602223"
"https://www.academy.com/c/shops/back-to-school","162601132"
"https://www.academy.com/c/shops/back-to-school","160478142"
"https://www.academy.com/c/shops/back-to-school","160475822"
"https://www.academy.com/c/shops/back-to-school","160410148"
"https://www.academy.com/c/shops/back-to-school","162896217"
"https://www.academy.com/c/shops/back-to-school","160817474"
"https://www.academy.com/c/shops/back-to-school","132749451"
"https://www.academy.com/c/shops/back-to-school","162580562"
"https://www.academy.com/c/shops/back-to-school","162580773"
"https://www.academy.com/c/shops/back-to-school","162330408"
"https://www.academy.com/c/shops/back-to-school","137202025"
"https://www.academy.com/c/shops/back-to-school","151708452"
"https://www.academy.com/c/shops/back-to-school","153295508"
"https://www.academy.com/c/shops/back-to-school","162134976"
"https://www.academy.com/c/shops/back-to-school","160631477"
"https://www.academy.com/c/shops/back-to-school","160632605"
"https://www.academy.com/c/shops/back-to-school","160527936"
"https://www.academy.com/c/shops/back-to-school","154703243"
"https://www.academy.com/c/shops/back-to-school","154703147"
"https://www.academy.com/c/shops/back-to-school","158287460"
"https://www.academy.com/c/shops/back-to-school","156327595"
"https://www.academy.com/c/shops/back-to-school","156328272"
"https://www.academy.com/c/shops/back-to-school","153408381"
"https://www.academy.com/c/shops/back-to-school","156328918"
"https://www.academy.com/c/shops/back-to-school","160738581"
"https://www.academy.com/c/shops/back-to-school","156305695"
"https://www.academy.com/c/shops/back-to-school","162553994"
"https://www.academy.com/c/shops/back-to-school","112767273"
"https://www.academy.com/c/shops/back-to-school","166497141"
"https://www.academy.com/c/shops/back-to-school","112682835"
"https://www.academy.com/c/shops/back-to-school","141078178"
"https://www.academy.com/c/shops/back-to-school","163349987"
"https://www.academy.com/c/shops/back-to-school","152041362"
"https://www.academy.com/c/shops/back-to-school","146514178"
"https://www.academy.com/c/shops/back-to-school","141074548"
"https://www.academy.com/c/shops/back-to-school","166496991"
"https://www.academy.com/c/shops/back-to-school","166474791"
"https://www.academy.com/c/shops/back-to-school","166472331"
"https://www.academy.com/c/shops/back-to-school","164159528"
"https://www.academy.com/c/shops/back-to-school","154707594"
"https://www.academy.com/c/shops/back-to-school","120715220"
"https://www.academy.com/c/shops/back-to-school","112767409"
"https://www.academy.com/c/shops/back-to-school","112677041"
"https://www.academy.com/c/shops/back-to-school","167388318"
"https://www.academy.com/c/shops/back-to-school","166472526"
"https://www.academy.com/c/shops/back-to-school","166258520"
"https://www.academy.com/c/shops/back-to-school","165785715"
"https://www.academy.com/c/shops/back-to-school","163368150"
"https://www.academy.com/c/shops/back-to-school","163037140"
"https://www.academy.com/c/shops/back-to-school","163030001"
"https://www.academy.com/c/shops/back-to-school","162857621"
"https://www.academy.com/c/shops/back-to-school","160491099"
"https://www.academy.com/c/shops/back-to-school","141794676"
"https://www.academy.com/c/shops/back-to-school","141089521"
"https://www.academy.com/c/shops/back-to-school","136630415"
"https://www.academy.com/c/shops/back-to-school","112689981"
"https://www.academy.com/c/shops/back-to-school","121431077"
"https://www.academy.com/c/shops/back-to-school","152149963"
"https://www.academy.com/c/shops/back-to-school","151849853"
"https://www.academy.com/c/shops/back-to-school","152078350"
"https://www.academy.com/c/shops/back-to-school","164586811"
"https://www.academy.com/c/shops/back-to-school","112692742"
"https://www.academy.com/c/shops/back-to-school","162837330"
"https://www.academy.com/c/shops/back-to-school","164211541"
"https://www.academy.com/c/shops/back-to-school","163572345"
"https://www.academy.com/c/shops/back-to-school","161096980"
"https://www.academy.com/c/shops/back-to-school","159785815"
"https://www.academy.com/c/shops/back-to-school","159844109"
"https://www.academy.com/c/shops/back-to-school","162895994"
"https://www.academy.com/c/shops/back-to-school","162815093"
"https://www.academy.com/c/shops/back-to-school","161096779"
"https://www.academy.com/c/shops/back-to-school","158193316"
"https://www.academy.com/c/shops/back-to-school","159828521"
"https://www.academy.com/c/shops/back-to-school","157871998"
"https://www.academy.com/c/shops/back-to-school","115323838"
"https://www.academy.com/c/shops/back-to-school","156719960"
"https://www.academy.com/c/shops/back-to-school","141075145"
"https://www.academy.com/c/shops/back-to-school","162857453"
"https://www.academy.com/c/shops/back-to-school","164605591"
"https://www.academy.com/c/shops/back-to-school","112769025"
"https://www.academy.com/c/shops/back-to-school","159829945"
"https://www.academy.com/c/shops/back-to-school","160956845"
"https://www.academy.com/c/shops/back-to-school","162108541"
"https://www.academy.com/c/shops/back-to-school","156505241"
"https://www.academy.com/c/shops/back-to-school","159135530"
"https://www.academy.com/c/shops/back-to-school","163572880"
"https://www.academy.com/c/shops/back-to-school","159848901"
"https://www.academy.com/c/shops/back-to-school","159850390"
"https://www.academy.com/c/shops/back-to-school","162580706"
"https://www.academy.com/c/shops/back-to-school","162053447"
"https://www.academy.com/c/shops/back-to-school","163818341"
"https://www.academy.com/c/shops/back-to-school","159830719"
"https://www.academy.com/c/shops/back-to-school","157453227"
"https://www.academy.com/c/shops/back-to-school","158346669"
"https://www.academy.com/c/shops/back-to-school","133271162"
"https://www.academy.com/c/shops/back-to-school","158181956"
"https://www.academy.com/c/shops/back-to-school","156083172"
"https://www.academy.com/c/shops/back-to-school","141072358"
"https://www.academy.com/c/shops/back-to-school","166626425"
"https://www.academy.com/c/shops/back-to-school","164522201"
"https://www.academy.com/c/shops/back-to-school","149649326"
"https://www.academy.com/c/shops/back-to-school","154663747"
"https://www.academy.com/c/shops/back-to-school","159847561"
"https://www.academy.com/c/shops/back-to-school","200955499"
"https://www.academy.com/c/shops/back-to-school","160819875"
"https://www.academy.com/c/shops/back-to-school","162506928"
"https://www.academy.com/c/shops/back-to-school","156327915"
"https://www.academy.com/c/shops/back-to-school","131003199"
"https://www.academy.com/c/shops/back-to-school","162610021"
"https://www.academy.com/c/shops/back-to-school","112678596"
"https://www.academy.com/c/shops/back-to-school","161141349"
"https://www.academy.com/c/shops/back-to-school","159846112"
"https://www.academy.com/c/shops/back-to-school","162360771"
"https://www.academy.com/c/shops/back-to-school","163957131"
"https://www.academy.com/c/shops/back-to-school","159855625"
"https://www.academy.com/c/shops/back-to-school","163622138"
"https://www.academy.com/c/shops/back-to-school","162695415"
"https://www.academy.com/c/shops/back-to-school","161853784"
"https://www.academy.com/c/shops/back-to-school","162364384"
"https://www.academy.com/c/shops/back-to-school","141710111"
"https://www.academy.com/c/shops/back-to-school","165110646"
"https://www.academy.com/c/shops/back-to-school","125769471"
"https://www.academy.com/c/shops/back-to-school","158919050"
"https://www.academy.com/c/shops/back-to-school","157484761"
"https://www.academy.com/c/shops/back-to-school","122644031"
"https://www.academy.com/c/shops/back-to-school","112681470"
"https://www.academy.com/c/shops/back-to-school","165850476"
"https://www.academy.com/c/shops/back-to-school","164530104"
"https://www.academy.com/c/shops/back-to-school","159828820"
"https://www.academy.com/c/shops/back-to-school","160478011"
"https://www.academy.com/c/shops/back-to-school","159842357"
"https://www.academy.com/c/shops/back-to-school","157453585"
"https://www.academy.com/c/shops/back-to-school","159825830"
"https://www.academy.com/c/shops/back-to-school","163208068"
"https://www.academy.com/c/shops/back-to-school","163444335"
"https://www.academy.com/c/shops/back-to-school","163806025"
"https://www.academy.com/c/shops/back-to-school","162896858"
"https://www.academy.com/c/shops/back-to-school","165445657"
"https://www.academy.com/c/shops/back-to-school","162380333"
"https://www.academy.com/c/shops/back-to-school","155607763"
"https://www.academy.com/c/shops/back-to-school","157006081"
"https://www.academy.com/c/shops/back-to-school","162746227"
"https://www.academy.com/c/shops/back-to-school","136833503"
"https://www.academy.com/c/shops/back-to-school","120716636"
"https://www.academy.com/c/shops/back-to-school","112678844"
"https://www.academy.com/c/shops/back-to-school","141715510"
"https://www.academy.com/c/shops/back-to-school","157358617"
"https://www.academy.com/c/shops/back-to-school","141794561"
"https://www.academy.com/c/shops/back-to-school","112766300"
"https://www.academy.com/c/shops/back-to-school","142457209"
"https://www.academy.com/c/shops/back-to-school","153048021"
"https://www.academy.com/c/shops/back-to-school","116639121"
"https://www.academy.com/c/shops/back-to-school","165830272"
"https://www.academy.com/c/shops/back-to-school","165785643"
"https://www.academy.com/c/shops/back-to-school","153053197"
"https://www.academy.com/c/shops/back-to-school","116637919"
"https://www.academy.com/c/shops/back-to-school","166260195"
"https://www.academy.com/c/shops/back-to-school","165852113"
"https://www.academy.com/c/shops/back-to-school","163511041"
"https://www.academy.com/c/shops/back-to-school","162896938"
"https://www.academy.com/c/shops/back-to-school","153050957"
"https://www.academy.com/c/shops/back-to-school","112708986"
"https://www.academy.com/c/shops/back-to-school","112768882"
"https://www.academy.com/c/shops/back-to-school","112706711"
"https://www.academy.com/c/shops/back-to-school","140309288"
"https://www.academy.com/c/shops/back-to-school","161822881"
"https://www.academy.com/c/shops/back-to-school","140547059"
"https://www.academy.com/c/shops/back-to-school","157501161"
"https://www.academy.com/c/shops/back-to-school","164159317"
"https://www.academy.com/c/shops/back-to-school","160403204"
"https://www.academy.com/c/shops/back-to-school","160956562"
"https://www.academy.com/c/shops/back-to-school","112767492"
"https://www.academy.com/c/shops/back-to-school","164530403"
"https://www.academy.com/c/shops/back-to-school","159850453"
"https://www.academy.com/c/shops/back-to-school","161140506"
"https://www.academy.com/c/shops/back-to-school","160816789"
"https://www.academy.com/c/shops/back-to-school","163868613"
"https://www.academy.com/c/shops/back-to-school","162677188"
"https://www.academy.com/c/shops/back-to-school","166431610"
"https://www.academy.com/c/shops/back-to-school","163863732"
"https://www.academy.com/c/shops/back-to-school","164797191"
"https://www.academy.com/c/shops/back-to-school","161123061"
"https://www.academy.com/c/shops/back-to-school","201387792"
"https://www.academy.com/c/shops/back-to-school","165821448"
"https://www.academy.com/c/shops/back-to-school","163800871"
"https://www.academy.com/c/shops/back-to-school","160801211"
"https://www.academy.com/c/shops/back-to-school","159830401"
"https://www.academy.com/c/shops/back-to-school","151128503"
"https://www.academy.com/c/shops/back-to-school","163801241"
"https://www.academy.com/c/shops/back-to-school","156373971"
"https://www.academy.com/c/shops/back-to-school","165124378"
"https://www.academy.com/c/shops/back-to-school","161036101"
"https://www.academy.com/c/shops/back-to-school","159845451"
"https://www.academy.com/c/shops/back-to-school","115518803"
"https://www.academy.com/c/shops/back-to-school","163805866"
"https://www.academy.com/c/shops/back-to-school","157871832"
"https://www.academy.com/c/shops/back-to-school","162891395"
"https://www.academy.com/c/shops/back-to-school","157501495"
"https://www.academy.com/c/shops/back-to-school","166307539"
"https://www.academy.com/c/shops/back-to-school","116159697"
"https://www.academy.com/c/shops/back-to-school","162580651"
"https://www.academy.com/c/shops/back-to-school","162601589"
"https://www.academy.com/c/shops/back-to-school","166260742"
"https://www.academy.com/c/shops/back-to-school","112768751"
"https://www.academy.com/c/shops/back-to-school","167409123"
"https://www.academy.com/c/shops/back-to-school","141702583"
"https://www.academy.com/c/shops/back-to-school","152082990"
"https://www.academy.com/c/shops/back-to-school","163957042"
"https://www.academy.com/c/shops/back-to-school","159852838"
"https://www.academy.com/c/shops/back-to-school","165042946"
"https://www.academy.com/c/shops/back-to-school","165664884"
"https://www.academy.com/c/shops/back-to-school","162258194"
"https://www.academy.com/c/shops/back-to-school","159785508"
"https://www.academy.com/c/shops/back-to-school","159824327"
"https://www.academy.com/c/shops/back-to-school","156379361"
"https://www.academy.com/c/shops/back-to-school","156688796"
"https://www.academy.com/c/shops/back-to-school","158346765"
"https://www.academy.com/c/shops/back-to-school","146543331"
"https://www.academy.com/c/shops/back-to-school","156842440"
"https://www.academy.com/c/shops/back-to-school","163871257"
"https://www.academy.com/c/shops/back-to-school","162381432"
"https://www.academy.com/c/shops/back-to-school","162696282"
"https://www.academy.com/c/shops/back-to-school","161197271"
"https://www.academy.com/c/shops/back-to-school","158181374"
"https://www.academy.com/c/shops/back-to-school","165622019"
"https://www.academy.com/c/shops/back-to-school","162605660"
"https://www.academy.com/c/shops/back-to-school","167132187"
"https://www.academy.com/c/shops/back-to-school","159833573"
"https://www.academy.com/c/shops/back-to-school","158346482"
"https://www.academy.com/c/shops/back-to-school","160633122"
"https://www.academy.com/c/shops/back-to-school","112707668"
"https://www.academy.com/c/shops/back-to-school","131038480"
"https://www.academy.com/c/shops/back-to-school","164633120"
"https://www.academy.com/c/shops/back-to-school","115322780"
"https://www.academy.com/c/shops/back-to-school","163168123"
"https://www.academy.com/c/shops/back-to-school","152077541"
"https://www.academy.com/c/shops/back-to-school","140938501"
"https://www.academy.com/c/shops/back-to-school","136036141"
"https://www.academy.com/c/shops/back-to-school","160815428"
"https://www.academy.com/c/shops/back-to-school","201445341"
"https://www.academy.com/c/shops/back-to-school","163501310"
"https://www.academy.com/c/shops/back-to-school","131508031"
"https://www.academy.com/c/shops/back-to-school","132006050"
"https://www.academy.com/c/shops/back-to-school","146861639"
"https://www.academy.com/c/shops/back-to-school","152031586"
"https://www.academy.com/c/shops/back-to-school","131002698"
"https://www.academy.com/c/shops/back-to-school","112705591"
"https://www.academy.com/c/shops/back-to-school","156687347"
"https://www.academy.com/c/shops/back-to-school","151552937"
"https://www.academy.com/c/shops/back-to-school","166474687"
"https://www.academy.com/c/shops/back-to-school","154369097"
"https://www.academy.com/c/shops/back-to-school","152642563"
"https://www.academy.com/c/shops/back-to-school","163052340"
"https://www.academy.com/c/shops/back-to-school","158283426"
"https://www.academy.com/c/shops/back-to-school","163570711"
"https://www.academy.com/c/shops/back-to-school","161141189"
"https://www.academy.com/c/shops/back-to-school","152076661"
"https://www.academy.com/c/shops/back-to-school","157872528"
"https://www.academy.com/c/shops/back-to-school","163444010"
"https://www.academy.com/c/shops/back-to-school","152280620"
"https://www.academy.com/c/shops/back-to-school","138803906"
"https://www.academy.com/c/shops/back-to-school","141678632"
"https://www.academy.com/c/shops/back-to-school","138798457"
"https://www.academy.com/c/shops/back-to-school","165063405"
"https://www.academy.com/c/shops/back-to-school","157049603"
"https://www.academy.com/c/shops/back-to-school","165636226"
"https://www.academy.com/c/shops/back-to-school","164632881"
"https://www.academy.com/c/shops/back-to-school","165027906"
"https://www.academy.com/c/shops/back-to-school","162257781"
"https://www.academy.com/c/shops/back-to-school","141092551"
"https://www.academy.com/c/shops/back-to-school","141088780"
"https://www.academy.com/c/shops/back-to-school","161784361"
"https://www.academy.com/c/shops/back-to-school","162813397"
"https://www.academy.com/c/shops/back-to-school","137706821"
"https://www.academy.com/c/shops/back-to-school","165025169"
"https://www.academy.com/c/shops/back-to-school","141072083"
"https://www.academy.com/c/shops/back-to-school","141071742"
"https://www.academy.com/c/shops/back-to-school","141067882"
"https://www.academy.com/c/shops/back-to-school","141083621"
"https://www.academy.com/c/shops/back-to-school","157071261"
"https://www.academy.com/c/shops/back-to-school","163568354"
"https://www.academy.com/c/shops/back-to-school","141088122"
"https://www.academy.com/c/shops/back-to-school","141069600"
"https://www.academy.com/c/shops/back-to-school","141067541"
"https://www.academy.com/c/shops/back-to-school","141082281"
"https://www.academy.com/c/shops/back-to-school","162676821"
"https://www.academy.com/c/shops/back-to-school","163805364"
"https://www.academy.com/c/shops/back-to-school","152280380"
"https://www.academy.com/c/shops/back-to-school","165922716"
"https://www.academy.com/c/shops/back-to-school","141199990"
"https://www.academy.com/c/shops/back-to-school","141069175"
"https://www.academy.com/c/shops/back-to-school","157002565"
"https://www.academy.com/c/shops/back-to-school","157471601"
"https://www.academy.com/c/shops/back-to-school","141078557"
"https://www.academy.com/c/shops/back-to-school","141087904"
"https://www.academy.com/c/shops/back-to-school","141078792"
"https://www.academy.com/c/shops/back-to-school","141072577"
"https://www.academy.com/c/shops/back-to-school","157001491"
"https://www.academy.com/c/shops/back-to-school","141083815"
"https://www.academy.com/c/shops/back-to-school","141088368"
"https://www.academy.com/c/shops/back-to-school","141073385"
"https://www.academy.com/c/shops/back-to-school","163403082"
"https://www.academy.com/c/shops/back-to-school","141083049"
"https://www.academy.com/c/shops/back-to-school","141080112"
"https://www.academy.com/c/shops/back-to-school","141078338"
"https://www.academy.com/c/shops/back-to-school","141068172"
"https://www.academy.com/c/shops/back-to-school","162365248"
"https://www.academy.com/c/shops/back-to-school","163578552"
"https://www.academy.com/c/shops/back-to-school","162364481"
"https://www.academy.com/c/shops/back-to-school","156029002"
"https://www.academy.com/c/shops/back-to-school","159006877"
"https://www.academy.com/c/shops/back-to-school","154426709"
"https://www.academy.com/c/shops/back-to-school","161854171"
"https://www.academy.com/c/shops/back-to-school","163160851"
"https://www.academy.com/c/shops/back-to-school","157486846"
"https://www.academy.com/c/shops/back-to-school","134891216"
"https://www.academy.com/c/shops/back-to-school","141073730"
"https://www.academy.com/c/shops/back-to-school","134890782"
"https://www.academy.com/c/shops/back-to-school","141086573"
"https://www.academy.com/c/shops/back-to-school","157407757"
"https://www.academy.com/c/shops/back-to-school","141086143"
"https://www.academy.com/c/shops/back-to-school","141089651"
"https://www.academy.com/c/shops/back-to-school","141085132"
"https://www.academy.com/c/shops/back-to-school","141067401"
"https://www.academy.com/c/shops/back-to-school","138860468"
"https://www.academy.com/c/shops/back-to-school","141088499"
"https://www.academy.com/c/shops/back-to-school","141086477"
"https://www.academy.com/c/shops/back-to-school","141081123"
"https://www.academy.com/c/shops/back-to-school","141079200"
"https://www.academy.com/c/shops/back-to-school","141076818"
"https://www.academy.com/c/shops/back-to-school","141067815"
"https://www.academy.com/c/shops/back-to-school","138860741"
"https://www.academy.com/c/shops/back-to-school","166021021"
"https://www.academy.com/c/shops/back-to-school","163418356"
"https://www.academy.com/c/shops/back-to-school","141088675"
"https://www.academy.com/c/shops/back-to-school","141088034"
"https://www.academy.com/c/shops/back-to-school","141086258"
"https://www.academy.com/c/shops/back-to-school","141081941"
"https://www.academy.com/c/shops/back-to-school","141079795"
"https://www.academy.com/c/shops/back-to-school","141078101"
"https://www.academy.com/c/shops/back-to-school","141075292"
"https://www.academy.com/c/shops/back-to-school","141073887"
"https://www.academy.com/c/shops/back-to-school","141070441"
"https://www.academy.com/c/shops/back-to-school","141068535"
"https://www.academy.com/c/shops/back-to-school","167957664"
"https://www.academy.com/c/shops/back-to-school","167957592"
"https://www.academy.com/c/shops/back-to-school","167957357"
"https://www.academy.com/c/shops/back-to-school","167957314"
"https://www.academy.com/c/shops/back-to-school","167957285"
"https://www.academy.com/c/shops/back-to-school","167957189"
"https://www.academy.com/c/shops/back-to-school","167956952"
"https://www.academy.com/c/shops/back-to-school","167956936"
"https://www.academy.com/c/shops/back-to-school","167956848"
"https://www.academy.com/c/shops/back-to-school","167956629"
"https://www.academy.com/c/shops/back-to-school","167956565"
"https://www.academy.com/c/shops/back-to-school","167956215"
"https://www.academy.com/c/shops/back-to-school","167956071"
"https://www.academy.com/c/shops/back-to-school","167956055"
"https://www.academy.com/c/shops/back-to-school","167759473"
"https://www.academy.com/c/shops/back-to-school","167759211"
"https://www.academy.com/c/shops/back-to-school","166651145"
"https://www.academy.com/c/shops/back-to-school","165690353"
"https://www.academy.com/c/shops/back-to-school","165690329"
"https://www.academy.com/c/shops/back-to-school","163418719"
"https://www.academy.com/c/shops/back-to-school","153656406"
"https://www.academy.com/c/shops/back-to-school","153656166"
"https://www.academy.com/c/shops/back-to-school","153061277"
"https://www.academy.com/c/shops/back-to-school","153061429"
"https://www.academy.com/c/shops/back-to-school","146212903"
"https://www.academy.com/c/shops/back-to-school","141346814"
"https://www.academy.com/c/shops/back-to-school","141091903"
"https://www.academy.com/c/shops/back-to-school","141091786"
"https://www.academy.com/c/shops/back-to-school","141091575"
"https://www.academy.com/c/shops/back-to-school","141091031"
"https://www.academy.com/c/shops/back-to-school","141089424"
"https://www.academy.com/c/shops/back-to-school","141089379"
"https://www.academy.com/c/shops/back-to-school","141089176"
"https://www.academy.com/c/shops/back-to-school","141085618"
"https://www.academy.com/c/shops/back-to-school","141082038"
"https://www.academy.com/c/shops/back-to-school","141081449"
"https://www.academy.com/c/shops/back-to-school","141081211"
"https://www.academy.com/c/shops/back-to-school","141079921"
"https://www.academy.com/c/shops/back-to-school","141077925"
"https://www.academy.com/c/shops/back-to-school","141077474"
"https://www.academy.com/c/shops/back-to-school","141077212"
"https://www.academy.com/c/shops/back-to-school","141071996"
"https://www.academy.com/c/shops/back-to-school","139164940"
"https://www.academy.com/c/shops/back-to-school","133603121"
"https://www.academy.com/c/shops/back-to-school","133026917"
"https://www.academy.com/c/shops/back-to-school","131008416"
"https://www.academy.com/c/shops/back-to-school","119060879"
"https://www.academy.com/c/shops/back-to-school","163568311"
"https://www.academy.com/c/shops/back-to-school","163794191"
"https://www.academy.com/c/shops/back-to-school","163350814"
"https://www.academy.com/c/shops/back-to-school","141070580"
"https://www.academy.com/c/shops/back-to-school","141081300"
"https://www.academy.com/c/shops/back-to-school","141089475"
"https://www.academy.com/c/shops/back-to-school","162146678"
"https://www.academy.com/c/shops/back-to-school","141071283"
"https://www.academy.com/c/shops/back-to-school","141089061"
"https://www.academy.com/c/shops/back-to-school","141072307"
"https://www.academy.com/c/shops/back-to-school","141068447"
"https://www.academy.com/c/shops/back-to-school","165292478"
"https://www.academy.com/c/shops/back-to-school","137706881"
"https://www.academy.com/c/shops/back-to-school","141077079"
"https://www.academy.com/c/shops/back-to-school","161173383"
"https://www.academy.com/c/shops/back-to-school","141081852"
"https://www.academy.com/c/shops/back-to-school","141080948"
"https://www.academy.com/c/shops/back-to-school","158182342"
"https://www.academy.com/c/shops/back-to-school","163568400"
"https://www.academy.com/c/shops/back-to-school","162364966"
"https://www.academy.com/c/shops/back-to-school","141073511"
"https://www.academy.com/c/shops/back-to-school","141090097"
"https://www.academy.com/c/shops/back-to-school","141090610"
"https://www.academy.com/c/shops/back-to-school","141084666"
"https://www.academy.com/c/shops/back-to-school","141076471"
"https://www.academy.com/c/shops/back-to-school","141090741"
"https://www.academy.com/c/shops/back-to-school","166459591"
"https://www.academy.com/c/shops/back-to-school","166457262"
"https://www.academy.com/c/shops/back-to-school","141092172"
"https://www.academy.com/c/shops/back-to-school","162580829"
"https://www.academy.com/c/shops/back-to-school","165690556"
"https://www.academy.com/c/shops/back-to-school","141092391"
"https://www.academy.com/c/shops/back-to-school","141076949"
"https://www.academy.com/c/shops/back-to-school","141093626"
"https://www.academy.com/c/shops/back-to-school","141090901"
"https://www.academy.com/c/shops/back-to-school","161846605"
"https://www.academy.com/c/shops/back-to-school","146213181"
"https://www.academy.com/c/shops/back-to-school","141091719"
"https://www.academy.com/c/shops/back-to-school","141084076"
"https://www.academy.com/c/shops/back-to-school","141087728"
"https://www.academy.com/c/shops/back-to-school","141079971"
"https://www.academy.com/c/shops/back-to-school","167957517"
"https://www.academy.com/c/shops/back-to-school","167957218"
"https://www.academy.com/c/shops/back-to-school","167957066"
"https://www.academy.com/c/shops/back-to-school","167956670"
"https://www.academy.com/c/shops/back-to-school","167956426"
"https://www.academy.com/c/shops/back-to-school","167956389"
"https://www.academy.com/c/shops/back-to-school","167956346"
"https://www.academy.com/c/shops/back-to-school","167956266"
"https://www.academy.com/c/shops/back-to-school","166597097"
"https://www.academy.com/c/shops/back-to-school","141091508"
"https://www.academy.com/c/shops/back-to-school","141085870"
"https://www.academy.com/c/shops/back-to-school","141077343"
"https://www.academy.com/c/shops/back-to-school","161820991"
"https://www.academy.com/c/shops/back-to-school","141092041"
"https://www.academy.com/c/shops/back-to-school","165060255"
"https://www.academy.com/c/shops/back-to-school","141079306"
"https://www.academy.com/c/shops/back-to-school","158183249"
"https://www.academy.com/c/shops/back-to-school","162167487"
"https://www.academy.com/c/shops/back-to-school","165922468"
"https://www.academy.com/c/shops/back-to-school","154092518"
"https://www.academy.com/c/shops/back-to-school","141084201"
"https://www.academy.com/c/shops/back-to-school","147503016"
"https://www.academy.com/c/shops/back-to-school","141077600"
"https://www.academy.com/c/shops/back-to-school","141082556"
"https://www.academy.com/c/shops/back-to-school","201056515"
"https://www.academy.com/c/shops/back-to-school","163301115"
"https://www.academy.com/c/shops/back-to-school","162364835"
"https://www.academy.com/c/shops/back-to-school","141091276"
"https://www.academy.com/c/shops/back-to-school","167957621"
"https://www.academy.com/c/shops/back-to-school","167388596"
"https://www.academy.com/c/shops/back-to-school","165690281"
"https://www.academy.com/c/shops/back-to-school","141081625"
"https://www.academy.com/c/shops/back-to-school","141080673"
"https://www.academy.com/c/shops/back-to-school","158183644"
"https://www.academy.com/c/shops/back-to-school","160002700"
"https://www.academy.com/c/shops/back-to-school","141085968"
"https://www.academy.com/c/shops/back-to-school","154094716"
"https://www.academy.com/c/shops/back-to-school","167957541"
"https://www.academy.com/c/shops/back-to-school","167956725"
"https://www.academy.com/c/shops/back-to-school","161905046"
"https://www.academy.com/c/shops/back-to-school","159007010"
"https://www.academy.com/c/shops/back-to-school","141082425"
"https://www.academy.com/c/shops/back-to-school","167957402"
"https://www.academy.com/c/shops/back-to-school","166020562"
"https://www.academy.com/c/shops/back-to-school","141082142"
"https://www.academy.com/c/shops/back-to-school","141066345"
"https://www.academy.com/c/shops/back-to-school","160403538"
"https://www.academy.com/c/shops/back-to-school","159844635"
"https://www.academy.com/c/shops/back-to-school","137986536"
"https://www.academy.com/c/shops/back-to-school","138191102"
"https://www.academy.com/c/shops/back-to-school","140878860"
"https://www.academy.com/c/shops/back-to-school","165786099"
"https://www.academy.com/c/shops/back-to-school","159848353"
"https://www.academy.com/c/shops/back-to-school","164634245"
"https://www.academy.com/c/shops/back-to-school","141087285"
"https://www.academy.com/c/shops/back-to-school","159850816"
"https://www.academy.com/c/shops/back-to-school","164634122"
"https://www.academy.com/c/shops/back-to-school","162814154"
"https://www.academy.com/c/shops/back-to-school","164930714"
"https://www.academy.com/c/shops/back-to-school","159855588"
"https://www.academy.com/c/shops/back-to-school","165598186"
"https://www.academy.com/c/shops/back-to-school","141068711"
"https://www.academy.com/c/shops/back-to-school","162553476"
"https://www.academy.com/c/shops/back-to-school","112692241"
"https://www.academy.com/c/shops/back-to-school","162600244"
"https://www.academy.com/c/shops/back-to-school","156253127"
"https://www.academy.com/c/shops/back-to-school","162896073"
"https://www.academy.com/c/shops/back-to-school","137208929"
"https://www.academy.com/c/shops/back-to-school","144365236"
"https://www.academy.com/c/shops/back-to-school","160630845"
"https://www.academy.com/c/shops/back-to-school","150059286"
"https://www.academy.com/c/shops/back-to-school","123034526"
"https://www.academy.com/c/shops/back-to-school","127295811"
"https://www.academy.com/c/shops/back-to-school","160633430"
"https://www.academy.com/c/shops/back-to-school","162580511"
"https://www.academy.com/c/shops/back-to-school","149731021"
"https://www.academy.com/c/shops/back-to-school","152081621"
"https://www.academy.com/c/shops/back-to-school","155259738"
"https://www.academy.com/c/shops/back-to-school","135426981"
"https://www.academy.com/c/shops/back-to-school","156327464"
"https://www.academy.com/c/shops/back-to-school","135819831"
"https://www.academy.com/c/shops/back-to-school","156024922"
"https://www.academy.com/c/shops/back-to-school","155259287"
"https://www.academy.com/c/shops/back-to-school","131081656"
"https://www.academy.com/c/shops/back-to-school","149044343"
"https://www.academy.com/c/shops/back-to-school","138897359"
"https://www.academy.com/c/shops/back-to-school","138897201"
"https://www.academy.com/c/shops/back-to-school","138896727"
"https://www.academy.com/c/shops/back-to-school","112709541"
"https://www.academy.com/c/shops/back-to-school","159844125"
"https://www.academy.com/c/shops/back-to-school","160409981"
"https://www.academy.com/c/shops/back-to-school","160410025"
"https://www.academy.com/c/shops/back-to-school","160410228"
"https://www.academy.com/c/shops/back-to-school","160632947"
"https://www.academy.com/c/shops/back-to-school","160472023"
"https://www.academy.com/c/shops/back-to-school","124697102"
"https://www.academy.com/c/shops/back-to-school","156363781"
"https://www.academy.com/c/shops/back-to-school","158220249"
"https://www.academy.com/c/shops/back-to-school","160823524"
"https://www.academy.com/c/shops/back-to-school","160632162"
"https://www.academy.com/c/shops/back-to-school","138737638"
"https://www.academy.com/c/shops/back-to-school","141038694"
"https://www.academy.com/c/shops/back-to-school","158219766"
"https://www.academy.com/c/shops/back-to-school","158213938"
"https://www.academy.com/c/shops/back-to-school","128872887"
"https://www.academy.com/c/shops/back-to-school","156327309"
"https://www.academy.com/c/shops/back-to-school","158213751"
"https://www.academy.com/c/shops/back-to-school","161904094"
"https://www.academy.com/c/shops/back-to-school","139529110"
"https://www.academy.com/c/shops/back-to-school","158287064"
"https://www.academy.com/c/shops/back-to-school","158287144"
"https://www.academy.com/c/shops/back-to-school","158287224"
"https://www.academy.com/c/shops/back-to-school","158221153"
"https://www.academy.com/c/shops/back-to-school","156327157"
"https://www.academy.com/c/shops/back-to-school","154867715"
"https://www.academy.com/c/shops/back-to-school","158220513"
"https://www.academy.com/c/shops/back-to-school","158286985"
"https://www.academy.com/c/shops/back-to-school","153948960"
"https://www.academy.com/c/shops/back-to-school","158220679"
"https://www.academy.com/c/shops/back-to-school","141525206"
"https://www.academy.com/c/shops/back-to-school","131001273"
"https://www.academy.com/c/shops/back-to-school","147229037"
"https://www.academy.com/c/shops/back-to-school","122051957"
"https://www.academy.com/c/shops/back-to-school","166377932"
"https://www.academy.com/c/shops/back-to-school","166376497"
"https://www.academy.com/c/shops/back-to-school","152305559"
"https://www.academy.com/c/shops/back-to-school","141751730"
"https://www.academy.com/c/shops/back-to-school","131721895"
"https://www.academy.com/c/shops/back-to-school","128115641"
"https://www.academy.com/c/shops/back-to-school","124632341"
"https://www.academy.com/c/shops/back-to-school","120714008"
"https://www.academy.com/c/shops/back-to-school","168104727"
"https://www.academy.com/c/shops/back-to-school","132933460"
"https://www.academy.com/c/shops/back-to-school","166458679"
"https://www.academy.com/c/shops/back-to-school","166458011"
"https://www.academy.com/c/shops/back-to-school","166457852"
"https://www.academy.com/c/shops/back-to-school","166456999"
"https://www.academy.com/c/shops/back-to-school","165785838"
"https://www.academy.com/c/shops/back-to-school","130504194"
"https://www.academy.com/c/shops/back-to-school","152688369"
"https://www.academy.com/c/shops/back-to-school","141794457"
"https://www.academy.com/c/shops/back-to-school","112708652"
"https://www.academy.com/c/shops/back-to-school","116691392"
"https://www.academy.com/c/shops/back-to-school","109817153"
"https://www.academy.com/c/shops/back-to-school","141090222"
"https://www.academy.com/c/shops/back-to-school","141085221"
"https://www.academy.com/c/shops/back-to-school","156326859"
"https://www.academy.com/c/shops/back-to-school","166458038"
"https://www.academy.com/c/shops/back-to-school","152157613"
"https://www.academy.com/c/shops/back-to-school","154703091"
"https://www.academy.com/c/shops/back-to-school","152678902"
"https://www.academy.com/c/shops/back-to-school","201562083"
"https://www.academy.com/c/shops/back-to-school","141091954"
"https://www.academy.com/c/shops/back-to-school","158283581"
"https://www.academy.com/c/shops/back-to-school","162813557"
"https://www.academy.com/c/shops/back-to-school","141085001"
"https://www.academy.com/c/shops/back-to-school","141078709"
"https://www.academy.com/c/shops/back-to-school","141090353"
"https://www.academy.com/c/shops/back-to-school","141080163"
"https://www.academy.com/c/shops/back-to-school","152306113"
"https://www.academy.com/c/shops/back-to-school","165690521"
"https://www.academy.com/c/shops/back-to-school","141074767"
"https://www.academy.com/c/shops/back-to-school","141079023"
"https://www.academy.com/c/shops/back-to-school","141075903"
"https://www.academy.com/c/shops/back-to-school","153062561"
"https://www.academy.com/c/shops/back-to-school","164938046"
"https://www.academy.com/c/shops/back-to-school","165690812"
"https://www.academy.com/c/shops/back-to-school","161854402"
"https://www.academy.com/c/shops/back-to-school","161854269"
"https://www.academy.com/c/shops/back-to-school","156025458"
"https://www.academy.com/c/shops/back-to-school","157407642"
"https://www.academy.com/c/shops/back-to-school","141086303"
"https://www.academy.com/c/shops/back-to-school","141077853"
"https://www.academy.com/c/shops/back-to-school","141070352"
"https://www.academy.com/c/shops/back-to-school","141082994"
"https://www.academy.com/c/shops/back-to-school","141067639"
"https://www.academy.com/c/shops/back-to-school","141091858"
"https://www.academy.com/c/shops/back-to-school","141090791"
"https://www.academy.com/c/shops/back-to-school","141079251"
"https://www.academy.com/c/shops/back-to-school","141078936"
"https://www.academy.com/c/shops/back-to-school","141069888"
"https://www.academy.com/c/shops/back-to-school","141067495"
"https://www.academy.com/c/shops/back-to-school","167957146"
"https://www.academy.com/c/shops/back-to-school","167957040"
"https://www.academy.com/c/shops/back-to-school","167957015"
"https://www.academy.com/c/shops/back-to-school","167956987"
"https://www.academy.com/c/shops/back-to-school","167758913"
"https://www.academy.com/c/shops/back-to-school","167676133"
"https://www.academy.com/c/shops/back-to-school","166596481"
"https://www.academy.com/c/shops/back-to-school","165690898"
"https://www.academy.com/c/shops/back-to-school","163396513"
"https://www.academy.com/c/shops/back-to-school","153064523"
"https://www.academy.com/c/shops/back-to-school","141091137"
"https://www.academy.com/c/shops/back-to-school","141089838"
"https://www.academy.com/c/shops/back-to-school","141089707"
"https://www.academy.com/c/shops/back-to-school","141088931"
"https://www.academy.com/c/shops/back-to-school","141082943"
"https://www.academy.com/c/shops/back-to-school","141081351"
"https://www.academy.com/c/shops/back-to-school","141080067"
"https://www.academy.com/c/shops/back-to-school","141078881"
"https://www.academy.com/c/shops/back-to-school","141069749"
"https://www.academy.com/c/shops/back-to-school","134415754"
"https://www.academy.com/c/shops/back-to-school","134415017"
"https://www.academy.com/c/shops/back-to-school","133603227"
"https://www.academy.com/c/shops/back-to-school","133603198"
"https://www.academy.com/c/shops/back-to-school","133602646"
"https://www.academy.com/c/shops/back-to-school","133602671"
"https://www.academy.com/c/shops/back-to-school","133026861"
"https://www.academy.com/c/shops/back-to-school","120102909"
"https://www.academy.com/c/shops/back-to-school","154196843"
"https://www.academy.com/c/shops/back-to-school","141082812"
"https://www.academy.com/c/kids/boys-apparel/boys-school-uniforms","118092588"
"https://www.academy.com/c/kids/boys-apparel/boys-school-uniforms","140082335"
"https://www.academy.com/c/kids/boys-apparel/boys-school-uniforms","141093044"
"https://www.academy.com/c/kids/boys-apparel/boys-school-uniforms","118091606"
"https://www.academy.com/c/kids/boys-apparel/boys-school-uniforms","118088731"
"https://www.academy.com/c/kids/boys-apparel/boys-school-uniforms","141070871"
"https://www.academy.com/c/kids/boys-apparel/boys-school-uniforms","123384278"
"https://www.academy.com/c/kids/boys-apparel/boys-school-uniforms","116639527"
"https://www.academy.com/c/kids/boys-apparel/boys-school-uniforms","141069087"
"https://www.academy.com/c/kids/boys-apparel/boys-school-uniforms","141075381"
"https://www.academy.com/c/kids/boys-apparel/boys-school-uniforms","141075751"
"https://www.academy.com/c/kids/boys-apparel/boys-school-uniforms","141071371"
"https://www.academy.com/c/kids/boys-apparel/boys-school-uniforms","112679185"
"https://www.academy.com/c/kids/boys-apparel/boys-school-uniforms","141069474"
"https://www.academy.com/c/kids/boys-apparel/boys-school-uniforms","112695231"
"https://www.academy.com/c/kids/boys-apparel/boys-school-uniforms","141092551"
"https://www.academy.com/c/kids/boys-apparel/boys-school-uniforms","141068711"
"https://www.academy.com/c/kids/boys-apparel/boys-school-uniforms","141066855"
"https://www.academy.com/c/kids/boys-apparel/boys-school-uniforms","112696575"
"https://www.academy.com/c/kids/boys-apparel/boys-school-uniforms","123384809"
"https://www.academy.com/c/kids/boys-apparel/boys-school-uniforms","118093302"
"https://www.academy.com/c/kids/boys-apparel/boys-school-uniforms","125818720"
"https://www.academy.com/c/kids/boys-apparel/boys-school-uniforms","141066290"
"https://www.academy.com/c/kids/boys-apparel/boys-school-uniforms","112696348"
"https://www.academy.com/c/kids/boys-apparel/boys-school-uniforms","141074290"
"https://www.academy.com/c/kids/boys-apparel/boys-school-uniforms","112757577"
"https://www.academy.com/c/kids/boys-apparel/boys-school-uniforms","141073932"
"https://www.academy.com/c/kids/boys-apparel/boys-school-uniforms","141072825"
"https://www.academy.com/c/kids/boys-apparel/boys-school-uniforms","136833319"
"https://www.academy.com/c/kids/boys-apparel/boys-school-uniforms","141204584"
"https://www.academy.com/c/kids/boys-apparel/boys-school-uniforms","112678254"
"https://www.academy.com/c/kids/boys-apparel/boys-school-uniforms","112677382"
"https://www.academy.com/c/kids/boys-apparel/boys-school-uniforms","141091954"
"https://www.academy.com/c/kids/boys-apparel/boys-school-uniforms","112766641"
"https://www.academy.com/c/kids/boys-apparel/boys-school-uniforms","141075145"
"https://www.academy.com/c/kids/boys-apparel/boys-school-uniforms","112676460"
"https://www.academy.com/c/kids/boys-apparel/boys-school-uniforms","141092041"
"https://www.academy.com/c/kids/boys-apparel/boys-school-uniforms","141070580"
"https://www.academy.com/c/kids/boys-apparel/boys-school-uniforms","141071591"
"https://www.academy.com/c/kids/boys-apparel/boys-school-uniforms","141071283"
"https://www.academy.com/c/kids/boys-apparel/boys-school-uniforms","141072358"
"https://www.academy.com/c/kids/boys-apparel/boys-school-uniforms","120713056"
"https://www.academy.com/c/kids/boys-apparel/boys-school-uniforms","141072083"
"https://www.academy.com/c/kids/boys-apparel/boys-school-uniforms","116695422"
"https://www.academy.com/c/kids/boys-apparel/boys-school-uniforms","141072307"
"https://www.academy.com/c/kids/boys-apparel/boys-school-uniforms","141071742"
"https://www.academy.com/c/kids/boys-apparel/boys-school-uniforms","141068447"
"https://www.academy.com/c/kids/boys-apparel/boys-school-uniforms","141073191"
"https://www.academy.com/c/kids/boys-apparel/boys-school-uniforms","141078709"
"https://www.academy.com/c/kids/boys-apparel/boys-school-uniforms","141069600"
"https://www.academy.com/c/kids/boys-apparel/boys-school-uniforms","141077079"
"https://www.academy.com/c/kids/boys-apparel/boys-school-uniforms","116637847"
"https://www.academy.com/c/kids/boys-apparel/boys-school-uniforms","112678596"
"https://www.academy.com/c/kids/boys-apparel/boys-school-uniforms","141069175"
"https://www.academy.com/c/kids/boys-apparel/boys-school-uniforms","141074767"
"https://www.academy.com/c/kids/boys-apparel/boys-school-uniforms","116638719"
"https://www.academy.com/c/kids/boys-apparel/boys-school-uniforms","141066345"
"https://www.academy.com/c/kids/boys-apparel/boys-school-uniforms","141078557"
"https://www.academy.com/c/kids/boys-apparel/boys-school-uniforms","141073511"
"https://www.academy.com/c/kids/boys-apparel/boys-school-uniforms","141092308"
"https://www.academy.com/c/kids/boys-apparel/boys-school-uniforms","141072577"
"https://www.academy.com/c/kids/boys-apparel/boys-school-uniforms","112766078"
"https://www.academy.com/c/kids/boys-apparel/boys-school-uniforms","141077600"
"https://www.academy.com/c/kids/boys-apparel/boys-school-uniforms","141076471"
"https://www.academy.com/c/kids/boys-apparel/boys-school-uniforms","141075903"
"https://www.academy.com/c/kids/boys-apparel/boys-school-uniforms","141073385"
"https://www.academy.com/c/kids/boys-apparel/boys-school-uniforms","120714817"
"https://www.academy.com/c/kids/boys-apparel/boys-school-uniforms","112681470"
"https://www.academy.com/c/kids/boys-apparel/boys-school-uniforms","141092172"
"https://www.academy.com/c/kids/boys-apparel/boys-school-uniforms","141078338"
"https://www.academy.com/c/kids/boys-apparel/boys-school-uniforms","141068172"
"https://www.academy.com/c/kids/boys-apparel/boys-school-uniforms","136833503"
"https://www.academy.com/c/kids/boys-apparel/boys-school-uniforms","120716636"
"https://www.academy.com/c/kids/boys-apparel/boys-school-uniforms","112671968"
"https://www.academy.com/c/kids/boys-apparel/boys-school-uniforms","112678844"
"https://www.academy.com/c/kids/boys-apparel/boys-school-uniforms","141073730"
"https://www.academy.com/c/kids/boys-apparel/boys-school-uniforms","112672725"
"https://www.academy.com/c/kids/boys-apparel/boys-school-uniforms","141076949"
"https://www.academy.com/c/kids/boys-apparel/boys-school-uniforms","112766300"
"https://www.academy.com/c/kids/boys-apparel/boys-school-uniforms","141093626"
"https://www.academy.com/c/kids/boys-apparel/boys-school-uniforms","141077853"
"https://www.academy.com/c/kids/boys-apparel/boys-school-uniforms","141070352"
"https://www.academy.com/c/kids/boys-apparel/boys-school-uniforms","141067401"
"https://www.academy.com/c/kids/boys-apparel/boys-school-uniforms","141078178"
"https://www.academy.com/c/kids/boys-apparel/boys-school-uniforms","141076818"
"https://www.academy.com/c/kids/boys-apparel/boys-school-uniforms","141076295"
"https://www.academy.com/c/kids/boys-apparel/boys-school-uniforms","141074548"
"https://www.academy.com/c/kids/boys-apparel/boys-school-uniforms","141067815"
"https://www.academy.com/c/kids/boys-apparel/boys-school-uniforms","141067639"
"https://www.academy.com/c/kids/boys-apparel/boys-school-uniforms","128115641"
"https://www.academy.com/c/kids/boys-apparel/boys-school-uniforms","116639121"
"https://www.academy.com/c/kids/boys-apparel/boys-school-uniforms","116639050"
"https://www.academy.com/c/kids/boys-apparel/boys-school-uniforms","112767177"
"https://www.academy.com/c/kids/boys-apparel/boys-school-uniforms","112767071"
"https://www.academy.com/c/kids/boys-apparel/boys-school-uniforms","112681664"
"https://www.academy.com/c/kids/boys-apparel/boys-school-uniforms","141078101"
"https://www.academy.com/c/kids/boys-apparel/boys-school-uniforms","141075292"
"https://www.academy.com/c/kids/boys-apparel/boys-school-uniforms","141073887"
"https://www.academy.com/c/kids/boys-apparel/boys-school-uniforms","141070441"
"https://www.academy.com/c/kids/boys-apparel/boys-school-uniforms","141069888"
"https://www.academy.com/c/kids/boys-apparel/boys-school-uniforms","141068535"
"https://www.academy.com/c/kids/boys-apparel/boys-school-uniforms","141067495"
"https://www.academy.com/c/kids/boys-apparel/boys-school-uniforms","124632341"
"https://www.academy.com/c/kids/boys-apparel/boys-school-uniforms","120715220"
"https://www.academy.com/c/kids/boys-apparel/boys-school-uniforms","120716679"
"https://www.academy.com/c/kids/boys-apparel/boys-school-uniforms","120715596"
"https://www.academy.com/c/kids/boys-apparel/boys-school-uniforms","120714008"
"https://www.academy.com/c/kids/boys-apparel/boys-school-uniforms","112767409"
"https://www.academy.com/c/kids/boys-apparel/boys-school-uniforms","112681859"
"https://www.academy.com/c/kids/boys-apparel/boys-school-uniforms","112681285"
"https://www.academy.com/c/kids/boys-apparel/boys-school-uniforms","112677041"
"https://www.academy.com/c/kids/boys-apparel/boys-school-uniforms","167957402"
"https://www.academy.com/c/kids/boys-apparel/boys-school-uniforms","167957285"
"https://www.academy.com/c/kids/boys-apparel/boys-school-uniforms","167957218"
"https://www.academy.com/c/kids/boys-apparel/boys-school-uniforms","167957189"
"https://www.academy.com/c/kids/boys-apparel/boys-school-uniforms","167957146"
"https://www.academy.com/c/kids/boys-apparel/boys-school-uniforms","167956952"
"https://www.academy.com/c/kids/boys-apparel/boys-school-uniforms","167956936"
"https://www.academy.com/c/kids/boys-apparel/boys-school-uniforms","167956071"
"https://www.academy.com/c/kids/boys-apparel/boys-school-uniforms","162857621"
"https://www.academy.com/c/kids/boys-apparel/boys-school-uniforms","141077925"
"https://www.academy.com/c/kids/boys-apparel/boys-school-uniforms","141077474"
"https://www.academy.com/c/kids/boys-apparel/boys-school-uniforms","141077343"
"https://www.academy.com/c/kids/boys-apparel/boys-school-uniforms","141077212"
"https://www.academy.com/c/kids/boys-apparel/boys-school-uniforms","141071996"
"https://www.academy.com/c/kids/boys-apparel/boys-school-uniforms","141069749"
"https://www.academy.com/c/kids/boys-apparel/boys-school-uniforms","116691392"
"https://www.academy.com/c/kids/girls-apparel/girls-school-uniforms","118095244"
"https://www.academy.com/c/kids/girls-apparel/girls-school-uniforms","141084754"
"https://www.academy.com/c/kids/girls-apparel/girls-school-uniforms","123384809"
"https://www.academy.com/c/kids/girls-apparel/girls-school-uniforms","141080761"
"https://www.academy.com/c/kids/girls-apparel/girls-school-uniforms","118093302"
"https://www.academy.com/c/kids/girls-apparel/girls-school-uniforms","116688118"
"https://www.academy.com/c/kids/girls-apparel/girls-school-uniforms","141090484"
"https://www.academy.com/c/kids/girls-apparel/girls-school-uniforms","135698346"
"https://www.academy.com/c/kids/girls-apparel/girls-school-uniforms","112689130"
"https://www.academy.com/c/kids/girls-apparel/girls-school-uniforms","112702541"
"https://www.academy.com/c/kids/girls-apparel/girls-school-uniforms","141084332"
"https://www.academy.com/c/kids/girls-apparel/girls-school-uniforms","118096204"
"https://www.academy.com/c/kids/girls-apparel/girls-school-uniforms","141083815"
"https://www.academy.com/c/kids/girls-apparel/girls-school-uniforms","141083090"
"https://www.academy.com/c/kids/girls-apparel/girls-school-uniforms","141087390"
"https://www.academy.com/c/kids/girls-apparel/girls-school-uniforms","141090222"
"https://www.academy.com/c/kids/girls-apparel/girls-school-uniforms","162857453"
"https://www.academy.com/c/kids/girls-apparel/girls-school-uniforms","112686801"
"https://www.academy.com/c/kids/girls-apparel/girls-school-uniforms","112701514"
"https://www.academy.com/c/kids/girls-apparel/girls-school-uniforms","112768284"
"https://www.academy.com/c/kids/girls-apparel/girls-school-uniforms","141080251"
"https://www.academy.com/c/kids/girls-apparel/girls-school-uniforms","141093415"
"https://www.academy.com/c/kids/girls-apparel/girls-school-uniforms","112768621"
"https://www.academy.com/c/kids/girls-apparel/girls-school-uniforms","112685462"
"https://www.academy.com/c/kids/girls-apparel/girls-school-uniforms","141085482"
"https://www.academy.com/c/kids/girls-apparel/girls-school-uniforms","112692742"
"https://www.academy.com/c/kids/girls-apparel/girls-school-uniforms","112688516"
"https://www.academy.com/c/kids/girls-apparel/girls-school-uniforms","112768006"
"https://www.academy.com/c/kids/girls-apparel/girls-school-uniforms","112682042"
"https://www.academy.com/c/kids/girls-apparel/girls-school-uniforms","112769025"
"https://www.academy.com/c/kids/girls-apparel/girls-school-uniforms","112767492"
"https://www.academy.com/c/kids/girls-apparel/girls-school-uniforms","141079306"
"https://www.academy.com/c/kids/girls-apparel/girls-school-uniforms","116685187"
"https://www.academy.com/c/kids/girls-apparel/girls-school-uniforms","141081300"
"https://www.academy.com/c/kids/girls-apparel/girls-school-uniforms","141088780"
"https://www.academy.com/c/kids/girls-apparel/girls-school-uniforms","141089475"
"https://www.academy.com/c/kids/girls-apparel/girls-school-uniforms","141087285"
"https://www.academy.com/c/kids/girls-apparel/girls-school-uniforms","112691897"
"https://www.academy.com/c/kids/girls-apparel/girls-school-uniforms","141089061"
"https://www.academy.com/c/kids/girls-apparel/girls-school-uniforms","112690165"
"https://www.academy.com/c/kids/girls-apparel/girls-school-uniforms","141067882"
"https://www.academy.com/c/kids/girls-apparel/girls-school-uniforms","112692241"
"https://www.academy.com/c/kids/girls-apparel/girls-school-uniforms","141087066"
"https://www.academy.com/c/kids/girls-apparel/girls-school-uniforms","141083621"
"https://www.academy.com/c/kids/girls-apparel/girls-school-uniforms","116686825"
"https://www.academy.com/c/kids/girls-apparel/girls-school-uniforms","141092834"
"https://www.academy.com/c/kids/girls-apparel/girls-school-uniforms","141089969"
"https://www.academy.com/c/kids/girls-apparel/girls-school-uniforms","141085001"
"https://www.academy.com/c/kids/girls-apparel/girls-school-uniforms","116685953"
"https://www.academy.com/c/kids/girls-apparel/girls-school-uniforms","141090353"
"https://www.academy.com/c/kids/girls-apparel/girls-school-uniforms","141088122"
"https://www.academy.com/c/kids/girls-apparel/girls-school-uniforms","141080163"
"https://www.academy.com/c/kids/girls-apparel/girls-school-uniforms","112708679"
"https://www.academy.com/c/kids/girls-apparel/girls-school-uniforms","141085749"
"https://www.academy.com/c/kids/girls-apparel/girls-school-uniforms","141067541"
"https://www.academy.com/c/kids/girls-apparel/girls-school-uniforms","116637847"
"https://www.academy.com/c/kids/girls-apparel/girls-school-uniforms","112706585"
"https://www.academy.com/c/kids/girls-apparel/girls-school-uniforms","141082281"
"https://www.academy.com/c/kids/girls-apparel/girls-school-uniforms","141084201"
"https://www.academy.com/c/kids/girls-apparel/girls-school-uniforms","141081852"
"https://www.academy.com/c/kids/girls-apparel/girls-school-uniforms","141080948"
"https://www.academy.com/c/kids/girls-apparel/girls-school-uniforms","141090097"
"https://www.academy.com/c/kids/girls-apparel/girls-school-uniforms","141087904"
"https://www.academy.com/c/kids/girls-apparel/girls-school-uniforms","141078792"
"https://www.academy.com/c/kids/girls-apparel/girls-school-uniforms","141090610"
"https://www.academy.com/c/kids/girls-apparel/girls-school-uniforms","141084666"
"https://www.academy.com/c/kids/girls-apparel/girls-school-uniforms","141082556"
"https://www.academy.com/c/kids/girls-apparel/girls-school-uniforms","141090741"
"https://www.academy.com/c/kids/girls-apparel/girls-school-uniforms","141079023"
"https://www.academy.com/c/kids/girls-apparel/girls-school-uniforms","112690659"
"https://www.academy.com/c/kids/girls-apparel/girls-school-uniforms","141088368"
"https://www.academy.com/c/kids/girls-apparel/girls-school-uniforms","116709943"
"https://www.academy.com/c/kids/girls-apparel/girls-school-uniforms","112709250"
"https://www.academy.com/c/kids/girls-apparel/girls-school-uniforms","141083049"
"https://www.academy.com/c/kids/girls-apparel/girls-school-uniforms","141080112"
"https://www.academy.com/c/kids/girls-apparel/girls-school-uniforms","112709541"
"https://www.academy.com/c/kids/girls-apparel/girls-school-uniforms","120716636"
"https://www.academy.com/c/kids/girls-apparel/girls-school-uniforms","141086573"
"https://www.academy.com/c/kids/girls-apparel/girls-school-uniforms","112685446"
"https://www.academy.com/c/kids/girls-apparel/girls-school-uniforms","141082425"
"https://www.academy.com/c/kids/girls-apparel/girls-school-uniforms","112692494"
"https://www.academy.com/c/kids/girls-apparel/girls-school-uniforms","141091276"
"https://www.academy.com/c/kids/girls-apparel/girls-school-uniforms","141086303"
"https://www.academy.com/c/kids/girls-apparel/girls-school-uniforms","141086143"
"https://www.academy.com/c/kids/girls-apparel/girls-school-uniforms","141082142"
"https://www.academy.com/c/kids/girls-apparel/girls-school-uniforms","112706032"
"https://www.academy.com/c/kids/girls-apparel/girls-school-uniforms","141090901"
"https://www.academy.com/c/kids/girls-apparel/girls-school-uniforms","141089651"
"https://www.academy.com/c/kids/girls-apparel/girls-school-uniforms","141085968"
"https://www.academy.com/c/kids/girls-apparel/girls-school-uniforms","141085132"
"https://www.academy.com/c/kids/girls-apparel/girls-school-uniforms","116709388"
"https://www.academy.com/c/kids/girls-apparel/girls-school-uniforms","112709858"
"https://www.academy.com/c/kids/girls-apparel/girls-school-uniforms","112703270"
"https://www.academy.com/c/kids/girls-apparel/girls-school-uniforms","112682835"
"https://www.academy.com/c/kids/girls-apparel/girls-school-uniforms","141091719"
"https://www.academy.com/c/kids/girls-apparel/girls-school-uniforms","141088499"
"https://www.academy.com/c/kids/girls-apparel/girls-school-uniforms","141086477"
"https://www.academy.com/c/kids/girls-apparel/girls-school-uniforms","141084076"
"https://www.academy.com/c/kids/girls-apparel/girls-school-uniforms","141082994"
"https://www.academy.com/c/kids/girls-apparel/girls-school-uniforms","141081123"
"https://www.academy.com/c/kids/girls-apparel/girls-school-uniforms","141079200"
"https://www.academy.com/c/kids/girls-apparel/girls-school-uniforms","116639050"
"https://www.academy.com/c/kids/girls-apparel/girls-school-uniforms","112705460"
"https://www.academy.com/c/kids/girls-apparel/girls-school-uniforms","141091858"
"https://www.academy.com/c/kids/girls-apparel/girls-school-uniforms","141090791"
"https://www.academy.com/c/kids/girls-apparel/girls-school-uniforms","141088675"
"https://www.academy.com/c/kids/girls-apparel/girls-school-uniforms","141088034"
"https://www.academy.com/c/kids/girls-apparel/girls-school-uniforms","141087728"
"https://www.academy.com/c/kids/girls-apparel/girls-school-uniforms","141086258"
"https://www.academy.com/c/kids/girls-apparel/girls-school-uniforms","141081941"
"https://www.academy.com/c/kids/girls-apparel/girls-school-uniforms","141079971"
"https://www.academy.com/c/kids/girls-apparel/girls-school-uniforms","141079795"
"https://www.academy.com/c/kids/girls-apparel/girls-school-uniforms","141079251"
"https://www.academy.com/c/kids/girls-apparel/girls-school-uniforms","141078936"
"https://www.academy.com/c/kids/girls-apparel/girls-school-uniforms","120716679"
"https://www.academy.com/c/kids/girls-apparel/girls-school-uniforms","116637661"
"https://www.academy.com/c/kids/girls-apparel/girls-school-uniforms","112768751"
"https://www.academy.com/c/kids/girls-apparel/girls-school-uniforms","112707668"
"https://www.academy.com/c/kids/girls-apparel/girls-school-uniforms","112693446"
"https://www.academy.com/c/kids/girls-apparel/girls-school-uniforms","167957664"
"https://www.academy.com/c/kids/girls-apparel/girls-school-uniforms","167957621"
"https://www.academy.com/c/kids/girls-apparel/girls-school-uniforms","167957592"
"https://www.academy.com/c/kids/girls-apparel/girls-school-uniforms","167957541"
"https://www.academy.com/c/kids/girls-apparel/girls-school-uniforms","167957517"
"https://www.academy.com/c/kids/girls-apparel/girls-school-uniforms","167957357"
"https://www.academy.com/c/kids/girls-apparel/girls-school-uniforms","167957314"
"https://www.academy.com/c/kids/girls-apparel/girls-school-uniforms","167957066"
"https://www.academy.com/c/kids/girls-apparel/girls-school-uniforms","167957040"
"https://www.academy.com/c/kids/girls-apparel/girls-school-uniforms","167957015"
"https://www.academy.com/c/kids/girls-apparel/girls-school-uniforms","167956987"
"https://www.academy.com/c/kids/girls-apparel/girls-school-uniforms","167956848"
"https://www.academy.com/c/kids/girls-apparel/girls-school-uniforms","167956725"
"https://www.academy.com/c/kids/girls-apparel/girls-school-uniforms","167956670"
"https://www.academy.com/c/kids/girls-apparel/girls-school-uniforms","167956629"
"https://www.academy.com/c/kids/girls-apparel/girls-school-uniforms","167956565"
"https://www.academy.com/c/kids/girls-apparel/girls-school-uniforms","167956426"
"https://www.academy.com/c/kids/girls-apparel/girls-school-uniforms","167956389"
"https://www.academy.com/c/kids/girls-apparel/girls-school-uniforms","167956346"
"https://www.academy.com/c/kids/girls-apparel/girls-school-uniforms","167956266"
"https://www.academy.com/c/kids/girls-apparel/girls-school-uniforms","167956215"
"https://www.academy.com/c/kids/girls-apparel/girls-school-uniforms","167956055"
"https://www.academy.com/c/kids/girls-apparel/girls-school-uniforms","141087218"
"https://www.academy.com/c/kids/girls-apparel/girls-school-uniforms","141091903"
"https://www.academy.com/c/kids/girls-apparel/girls-school-uniforms","141091786"
"https://www.academy.com/c/kids/girls-apparel/girls-school-uniforms","141091575"
"https://www.academy.com/c/kids/girls-apparel/girls-school-uniforms","141091508"
"https://www.academy.com/c/kids/girls-apparel/girls-school-uniforms","141091137"
"https://www.academy.com/c/kids/girls-apparel/girls-school-uniforms","141091031"
"https://www.academy.com/c/kids/girls-apparel/girls-school-uniforms","141089838"
"https://www.academy.com/c/kids/girls-apparel/girls-school-uniforms","141089707"
"https://www.academy.com/c/kids/girls-apparel/girls-school-uniforms","141089521"
"https://www.academy.com/c/kids/girls-apparel/girls-school-uniforms","141089424"
"https://www.academy.com/c/kids/girls-apparel/girls-school-uniforms","141089379"
"https://www.academy.com/c/kids/girls-apparel/girls-school-uniforms","141089248"
"https://www.academy.com/c/kids/girls-apparel/girls-school-uniforms","141089176"
"https://www.academy.com/c/kids/girls-apparel/girls-school-uniforms","141088931"
"https://www.academy.com/c/kids/girls-apparel/girls-school-uniforms","141085870"
"https://www.academy.com/c/kids/girls-apparel/girls-school-uniforms","141085618"
"https://www.academy.com/c/kids/girls-apparel/girls-school-uniforms","141082943"
"https://www.academy.com/c/kids/girls-apparel/girls-school-uniforms","141082038"
"https://www.academy.com/c/kids/girls-apparel/girls-school-uniforms","141081625"
"https://www.academy.com/c/kids/girls-apparel/girls-school-uniforms","141081449"
"https://www.academy.com/c/kids/girls-apparel/girls-school-uniforms","141081351"
"https://www.academy.com/c/kids/girls-apparel/girls-school-uniforms","141081211"
"https://www.academy.com/c/kids/girls-apparel/girls-school-uniforms","141080673"
"https://www.academy.com/c/kids/girls-apparel/girls-school-uniforms","141080067"
"https://www.academy.com/c/kids/girls-apparel/girls-school-uniforms","141079921"
"https://www.academy.com/c/kids/girls-apparel/girls-school-uniforms","141078881"
"https://www.academy.com/c/kids/girls-apparel/girls-school-uniforms","112706711"
"https://www.academy.com/c/kids/girls-apparel/girls-school-uniforms","112708652"
"https://www.academy.com/c/kids/girls-apparel/girls-school-uniforms","112708986"
"https://www.academy.com/c/kids/girls-apparel/girls-school-uniforms","112704205"
"https://www.academy.com/c/kids/girls-apparel/girls-school-uniforms","112768882"
"https://www.academy.com/c/kids/girls-apparel/girls-school-uniforms","112705591"
"https://www.academy.com/c/kids/girls-apparel/girls-school-uniforms","112701143"
"https://www.academy.com/c/kids/girls-apparel/girls-school-uniforms","112691521"
"https://www.academy.com/c/kids/girls-apparel/girls-school-uniforms","112689981"
"https://www.academy.com/c/kids/girls-apparel/girls-school-uniforms","141085221"
"https://www.academy.com/c/kids/girls-apparel/girls-school-uniforms","141082812"
"https://www.academy.com/c/kids/school-uniforms/young-adult-school-uniforms","129381334"
"https://www.academy.com/c/kids/school-uniforms/young-adult-school-uniforms","141066290"
"https://www.academy.com/c/kids/school-uniforms/young-adult-school-uniforms","109260480"
"https://www.academy.com/c/kids/school-uniforms/young-adult-school-uniforms","109384394"
"https://www.academy.com/c/kids/school-uniforms/young-adult-school-uniforms","152760455"
"https://www.academy.com/c/kids/school-uniforms/young-adult-school-uniforms","134992543"
"https://www.academy.com/c/kids/school-uniforms/young-adult-school-uniforms","113350314"
"https://www.academy.com/c/kids/school-uniforms/young-adult-school-uniforms","140352163"
"https://www.academy.com/c/kids/school-uniforms/young-adult-school-uniforms","116363639"
"https://www.academy.com/c/kids/school-uniforms/young-adult-school-uniforms","136833634"
"https://www.academy.com/c/kids/school-uniforms/young-adult-school-uniforms","150488013"
"https://www.academy.com/c/kids/school-uniforms/young-adult-school-uniforms","149684800"
"https://www.academy.com/c/kids/school-uniforms/young-adult-school-uniforms","161200556"
"https://www.academy.com/c/kids/school-uniforms/young-adult-school-uniforms","130505031"
"https://www.academy.com/c/kids/school-uniforms/young-adult-school-uniforms","136209057"
"https://www.academy.com/c/kids/school-uniforms/young-adult-school-uniforms","122105943"
"https://www.academy.com/c/kids/school-uniforms/young-adult-school-uniforms","122633033"
"https://www.academy.com/c/kids/school-uniforms/young-adult-school-uniforms","114947711"
"https://www.academy.com/c/kids/school-uniforms/young-adult-school-uniforms","113455407"
"https://www.academy.com/c/kids/school-uniforms/young-adult-school-uniforms","150199625"
"https://www.academy.com/c/kids/school-uniforms/young-adult-school-uniforms","152107721"
"https://www.academy.com/c/kids/school-uniforms/young-adult-school-uniforms","123511089"
"https://www.academy.com/c/kids/school-uniforms/young-adult-school-uniforms","145613991"
"https://www.academy.com/c/kids/school-uniforms/young-adult-school-uniforms","141093044"
"https://www.academy.com/c/kids/school-uniforms/young-adult-school-uniforms","118091278"
"https://www.academy.com/c/kids/school-uniforms/young-adult-school-uniforms","149599728"
"https://www.academy.com/c/kids/school-uniforms/young-adult-school-uniforms","140543541"
"https://www.academy.com/c/kids/school-uniforms/young-adult-school-uniforms","161029648"
"https://www.academy.com/c/kids/school-uniforms/young-adult-school-uniforms","131171539"
"https://www.academy.com/c/kids/school-uniforms/young-adult-school-uniforms","162095495"
"https://www.academy.com/c/kids/school-uniforms/young-adult-school-uniforms","123384260"
"https://www.academy.com/c/kids/school-uniforms/young-adult-school-uniforms","130834775"
"https://www.academy.com/c/kids/school-uniforms/young-adult-school-uniforms","140981576"
"https://www.academy.com/c/kids/school-uniforms/young-adult-school-uniforms","162745646"
"https://www.academy.com/c/kids/school-uniforms/young-adult-school-uniforms","149600098"
"https://www.academy.com/c/kids/school-uniforms/young-adult-school-uniforms","152380268"
"https://www.academy.com/c/kids/school-uniforms/young-adult-school-uniforms","118597800"
"https://www.academy.com/c/kids/school-uniforms/young-adult-school-uniforms","141093415"
"https://www.academy.com/c/kids/school-uniforms/young-adult-school-uniforms","109374559"
"https://www.academy.com/c/kids/school-uniforms/young-adult-school-uniforms","115187080"
"https://www.academy.com/c/kids/school-uniforms/young-adult-school-uniforms","200987922"
"https://www.academy.com/c/kids/school-uniforms/young-adult-school-uniforms","141091954"
"https://www.academy.com/c/kids/school-uniforms/young-adult-school-uniforms","118097573"
"https://www.academy.com/c/kids/school-uniforms/young-adult-school-uniforms","141092041"
"https://www.academy.com/c/kids/school-uniforms/young-adult-school-uniforms","105883381"
"https://www.academy.com/c/kids/school-uniforms/young-adult-school-uniforms","141092551"
"https://www.academy.com/c/kids/school-uniforms/young-adult-school-uniforms","133271162"
"https://www.academy.com/c/kids/school-uniforms/young-adult-school-uniforms","162190396"
"https://www.academy.com/c/kids/school-uniforms/young-adult-school-uniforms","137176550"
"https://www.academy.com/c/kids/school-uniforms/young-adult-school-uniforms","141092834"
"https://www.academy.com/c/kids/school-uniforms/young-adult-school-uniforms","119098236"
"https://www.academy.com/c/kids/school-uniforms/young-adult-school-uniforms","154092518"
"https://www.academy.com/c/kids/school-uniforms/young-adult-school-uniforms","153051562"
"https://www.academy.com/c/kids/school-uniforms/young-adult-school-uniforms","150059286"
"https://www.academy.com/c/kids/school-uniforms/young-adult-school-uniforms","114711273"
"https://www.academy.com/c/kids/school-uniforms/young-adult-school-uniforms","141710111"
"https://www.academy.com/c/kids/school-uniforms/young-adult-school-uniforms","141092308"
"https://www.academy.com/c/kids/school-uniforms/young-adult-school-uniforms","122094906"
"https://www.academy.com/c/kids/school-uniforms/young-adult-school-uniforms","122052431"
"https://www.academy.com/c/kids/school-uniforms/young-adult-school-uniforms","148522631"
"https://www.academy.com/c/kids/school-uniforms/young-adult-school-uniforms","122642571"
"https://www.academy.com/c/kids/school-uniforms/young-adult-school-uniforms","122644031"
"https://www.academy.com/c/kids/school-uniforms/young-adult-school-uniforms","163403082"
"https://www.academy.com/c/kids/school-uniforms/young-adult-school-uniforms","113415413"
"https://www.academy.com/c/kids/school-uniforms/young-adult-school-uniforms","141752249"
"https://www.academy.com/c/kids/school-uniforms/young-adult-school-uniforms","141092172"
"https://www.academy.com/c/kids/school-uniforms/young-adult-school-uniforms","137202025"
"https://www.academy.com/c/kids/school-uniforms/young-adult-school-uniforms","200023500"
"https://www.academy.com/c/kids/school-uniforms/young-adult-school-uniforms","162746227"
"https://www.academy.com/c/kids/school-uniforms/young-adult-school-uniforms","120899196"
"https://www.academy.com/c/kids/school-uniforms/young-adult-school-uniforms","141092391"
"https://www.academy.com/c/kids/school-uniforms/young-adult-school-uniforms","141715510"
"https://www.academy.com/c/kids/school-uniforms/young-adult-school-uniforms","162533416"
"https://www.academy.com/c/kids/school-uniforms/young-adult-school-uniforms","141741611"
"https://www.academy.com/c/kids/school-uniforms/young-adult-school-uniforms","153049121"
"https://www.academy.com/c/kids/school-uniforms/young-adult-school-uniforms","113413637"
"https://www.academy.com/c/kids/school-uniforms/young-adult-school-uniforms","154091427"
"https://www.academy.com/c/kids/school-uniforms/young-adult-school-uniforms","122051957"
"https://www.academy.com/c/kids/school-uniforms/young-adult-school-uniforms","141751730"
"https://www.academy.com/c/kids/school-uniforms/young-adult-school-uniforms","141093626"
"https://www.academy.com/c/kids/school-uniforms/young-adult-school-uniforms","154707594"
"https://www.academy.com/c/kids/school-uniforms/young-adult-school-uniforms","154094716"
"https://www.academy.com/c/kids/school-uniforms/young-adult-school-uniforms","153053197"
"https://www.academy.com/c/kids/school-uniforms/young-adult-school-uniforms","153052418"
"https://www.academy.com/c/kids/school-uniforms/young-adult-school-uniforms","163396513"
"https://www.academy.com/c/kids/school-uniforms/young-adult-school-uniforms","153050957"
"https://www.academy.com/c/kids/school-uniforms/young-adult-school-uniforms","122099230"
"https://www.academy.com/c/kids/school-uniforms/young-adult-school-uniforms","119101001"
"https://www.academy.com/c/kids/school-uniforms/young-adult-school-uniforms","109817153"
"https://www.academy.com/c/kids/school-uniforms/young-adult-school-uniforms","153048021"
"https://www.academy.com/c/kids/school-uniforms/young-adult-school-uniforms","201562083"
"https://www.academy.com/c/kids/school-uniforms/toddler-uniforms","112768284"
"https://www.academy.com/c/kids/school-uniforms/toddler-uniforms","112766641"
"https://www.academy.com/c/kids/school-uniforms/toddler-uniforms","112768621"
"https://www.academy.com/c/kids/school-uniforms/toddler-uniforms","112766203"
"https://www.academy.com/c/kids/school-uniforms/toddler-uniforms","112768006"
"https://www.academy.com/c/kids/school-uniforms/toddler-uniforms","112769025"
"https://www.academy.com/c/kids/school-uniforms/toddler-uniforms","112767492"
"https://www.academy.com/c/kids/school-uniforms/toddler-uniforms","116637847"
"https://www.academy.com/c/kids/school-uniforms/toddler-uniforms","112766078"
"https://www.academy.com/c/kids/school-uniforms/toddler-uniforms","112709250"
"https://www.academy.com/c/kids/school-uniforms/toddler-uniforms","112709541"
"https://www.academy.com/c/kids/school-uniforms/toddler-uniforms","141091276"
"https://www.academy.com/c/kids/school-uniforms/toddler-uniforms","112766300"
"https://www.academy.com/c/kids/school-uniforms/toddler-uniforms","112767273"
"https://www.academy.com/c/kids/school-uniforms/toddler-uniforms","141090901"
"https://www.academy.com/c/kids/school-uniforms/toddler-uniforms","112709858"
"https://www.academy.com/c/kids/school-uniforms/toddler-uniforms","141091719"
"https://www.academy.com/c/kids/school-uniforms/toddler-uniforms","112767177"
"https://www.academy.com/c/kids/school-uniforms/toddler-uniforms","112767071"
"https://www.academy.com/c/kids/school-uniforms/toddler-uniforms","120715596"
"https://www.academy.com/c/kids/school-uniforms/toddler-uniforms","116637919"
"https://www.academy.com/c/kids/school-uniforms/toddler-uniforms","116637661"
"https://www.academy.com/c/kids/school-uniforms/toddler-uniforms","112768751"
"https://www.academy.com/c/kids/school-uniforms/toddler-uniforms","112767409"
"https://www.academy.com/c/kids/school-uniforms/toddler-uniforms","141091786"
"https://www.academy.com/c/kids/school-uniforms/toddler-uniforms","141091575"
"https://www.academy.com/c/kids/school-uniforms/toddler-uniforms","141091508"
"https://www.academy.com/c/kids/school-uniforms/toddler-uniforms","141091137"
"https://www.academy.com/c/kids/school-uniforms/toddler-uniforms","141091031"
"https://www.academy.com/c/kids/school-uniforms/toddler-uniforms","116637564"
"https://www.academy.com/c/kids/school-uniforms/toddler-uniforms","112768882"
